Periode;Jahr;Halbjahr;Quartal;Monat;Tag;Indikator;Einheit;Status;Produzent;Region / Geschäftspartner;Datentyp;Werte;Sortierkriterium des Indikators
Jahr;1986;;;;;Immobilienpreisindex Wien, 2000=100;Index;Weder saisonal noch um Arbeitstage bereinigt;Österreich;Insgesamt;Standard, in Einheiten;42,9;AB003C000D000E000F001
Jahr;1986;;;;;IMOP Wien, Preise für Einfamilienhäuser, 2000=100;Index;Weder saisonal noch um Arbeitstage bereinigt;Österreich;Insgesamt;Standard, in Einheiten;46,0;AB003C000D000E000F001G000
Jahr;1986;;;;;IMOP Wien, Preise für Eigentumswohnungen gesamt, 2000=100;Index;Weder saisonal noch um Arbeitstage bereinigt;Österreich;Insgesamt;Standard, in Einheiten;42,1;AB003C000D000E000F001G001
Jahr;1986;;;;;IMOP Wien, Preise für neue Eigentumswohnungen, 2000=100;Index;Weder saisonal noch um Arbeitstage bereinigt;Österreich;Insgesamt;Standard, in Einheiten;47,6;AB003C000D000E000F001G002
Jahr;1986;;;;;IMOP Wien, Preise für gebrauchte Eigentumswohnungen, 2000=100;Index;Weder saisonal noch um Arbeitstage bereinigt;Österreich;Insgesamt;Standard, in Einheiten;41,2;AB003C000D000E000F001G003
Jahr;1987;;;;;Immobilienpreisindex Wien, 2000=100;Index;Weder saisonal noch um Arbeitstage bereinigt;Österreich;Insgesamt;Standard, in Einheiten;46,0;AB003C000D000E000F001
Jahr;1987;;;;;IMOP Wien, Preise für Einfamilienhäuser, 2000=100;Index;Weder saisonal noch um Arbeitstage bereinigt;Österreich;Insgesamt;Standard, in Einheiten;44,8;AB003C000D000E000F001G000
Jahr;1987;;;;;IMOP Wien, Preise für Eigentumswohnungen gesamt, 2000=100;Index;Weder saisonal noch um Arbeitstage bereinigt;Österreich;Insgesamt;Standard, in Einheiten;46,1;AB003C000D000E000F001G001
Jahr;1987;;;;;IMOP Wien, Preise für neue Eigentumswohnungen, 2000=100;Index;Weder saisonal noch um Arbeitstage bereinigt;Österreich;Insgesamt;Standard, in Einheiten;64,7;AB003C000D000E000F001G002
Jahr;1987;;;;;IMOP Wien, Preise für gebrauchte Eigentumswohnungen, 2000=100;Index;Weder saisonal noch um Arbeitstage bereinigt;Österreich;Insgesamt;Standard, in Einheiten;43,0;AB003C000D000E000F001G003
Jahr;1987;;;;;IMOP Wien, Preise für Einfamilienhäuser, 2000=100 VerVJ%;Index;Weder saisonal noch um Arbeitstage bereinigt;Österreich;Insgesamt;Standard, in Einheiten;-1,7;AB004C006D001
Jahr;1987;;;;;IMOP Wien, Preise für Eigentumswohnungen gesamt, 2000=100 VerVJ%;Index;Weder saisonal noch um Arbeitstage bereinigt;Österreich;Insgesamt;Standard, in Einheiten;7,9;AB004C006D002
Jahr;1987;;;;;IMOP Wien, Preise für neue Eigentumswohnungen, 2000=100 VerVJ%;Index;Weder saisonal noch um Arbeitstage bereinigt;Österreich;Insgesamt;Standard, in Einheiten;33,5;AB004C006D003
Jahr;1987;;;;;IMOP Wien, Preise für gebrauchte Eigentumswohnungen, 2000=100 VerVJ%;Index;Weder saisonal noch um Arbeitstage bereinigt;Österreich;Insgesamt;Standard, in Einheiten;3,4;AB004C006D004
Jahr;1988;;;;;Immobilienpreisindex Wien, 2000=100;Index;Weder saisonal noch um Arbeitstage bereinigt;Österreich;Insgesamt;Standard, in Einheiten;51,3;AB003C000D000E000F001
Jahr;1988;;;;;IMOP Wien, Preise für Einfamilienhäuser, 2000=100;Index;Weder saisonal noch um Arbeitstage bereinigt;Österreich;Insgesamt;Standard, in Einheiten;58,9;AB003C000D000E000F001G000
Jahr;1988;;;;;IMOP Wien, Preise für Eigentumswohnungen gesamt, 2000=100;Index;Weder saisonal noch um Arbeitstage bereinigt;Österreich;Insgesamt;Standard, in Einheiten;50,8;AB003C000D000E000F001G001
Jahr;1988;;;;;IMOP Wien, Preise für neue Eigentumswohnungen, 2000=100;Index;Weder saisonal noch um Arbeitstage bereinigt;Österreich;Insgesamt;Standard, in Einheiten;67,0;AB003C000D000E000F001G002
Jahr;1988;;;;;IMOP Wien, Preise für gebrauchte Eigentumswohnungen, 2000=100;Index;Weder saisonal noch um Arbeitstage bereinigt;Österreich;Insgesamt;Standard, in Einheiten;48,0;AB003C000D000E000F001G003
Jahr;1988;;;;;Immobilienpreisindex Wien, Veränderung z.Vorjahr in %, Index 2000=100;Prozent;Weder saisonal noch um Arbeitstage bereinigt;Österreich;Insgesamt;Standard, in Einheiten;11,5;AB004C006D000
Jahr;1988;;;;;IMOP Wien, Preise für Einfamilienhäuser, 2000=100 VerVJ%;Index;Weder saisonal noch um Arbeitstage bereinigt;Österreich;Insgesamt;Standard, in Einheiten;31,3;AB004C006D001
Jahr;1988;;;;;IMOP Wien, Preise für Eigentumswohnungen gesamt, 2000=100 VerVJ%;Index;Weder saisonal noch um Arbeitstage bereinigt;Österreich;Insgesamt;Standard, in Einheiten;10,0;AB004C006D002
Jahr;1988;;;;;IMOP Wien, Preise für neue Eigentumswohnungen, 2000=100 VerVJ%;Index;Weder saisonal noch um Arbeitstage bereinigt;Österreich;Insgesamt;Standard, in Einheiten;3,6;AB004C006D003
Jahr;1988;;;;;IMOP Wien, Preise für gebrauchte Eigentumswohnungen, 2000=100 VerVJ%;Index;Weder saisonal noch um Arbeitstage bereinigt;Österreich;Insgesamt;Standard, in Einheiten;11,7;AB004C006D004
Jahr;1989;;;;;Immobilienpreisindex Wien, 2000=100;Index;Weder saisonal noch um Arbeitstage bereinigt;Österreich;Insgesamt;Standard, in Einheiten;60,7;AB003C000D000E000F001
Jahr;1989;;;;;IMOP Wien, Preise für Einfamilienhäuser, 2000=100;Index;Weder saisonal noch um Arbeitstage bereinigt;Österreich;Insgesamt;Standard, in Einheiten;66,0;AB003C000D000E000F001G000
Jahr;1989;;;;;IMOP Wien, Preise für Eigentumswohnungen gesamt, 2000=100;Index;Weder saisonal noch um Arbeitstage bereinigt;Österreich;Insgesamt;Standard, in Einheiten;60,3;AB003C000D000E000F001G001
Jahr;1989;;;;;IMOP Wien, Preise für neue Eigentumswohnungen, 2000=100;Index;Weder saisonal noch um Arbeitstage bereinigt;Österreich;Insgesamt;Standard, in Einheiten;68,2;AB003C000D000E000F001G002
Jahr;1989;;;;;IMOP Wien, Preise für gebrauchte Eigentumswohnungen, 2000=100;Index;Weder saisonal noch um Arbeitstage bereinigt;Österreich;Insgesamt;Standard, in Einheiten;58,9;AB003C000D000E000F001G003
Jahr;1989;;;;;Immobilienpreisindex Wien, Veränderung z.Vorjahr in %, Index 2000=100;Prozent;Weder saisonal noch um Arbeitstage bereinigt;Österreich;Insgesamt;Standard, in Einheiten;18,2;AB004C006D000
Jahr;1989;;;;;IMOP Wien, Preise für Einfamilienhäuser, 2000=100 VerVJ%;Index;Weder saisonal noch um Arbeitstage bereinigt;Österreich;Insgesamt;Standard, in Einheiten;12,1;AB004C006D001
Jahr;1989;;;;;IMOP Wien, Preise für Eigentumswohnungen gesamt, 2000=100 VerVJ%;Index;Weder saisonal noch um Arbeitstage bereinigt;Österreich;Insgesamt;Standard, in Einheiten;18,7;AB004C006D002
Jahr;1989;;;;;IMOP Wien, Preise für neue Eigentumswohnungen, 2000=100 VerVJ%;Index;Weder saisonal noch um Arbeitstage bereinigt;Österreich;Insgesamt;Standard, in Einheiten;1,8;AB004C006D003
Jahr;1989;;;;;IMOP Wien, Preise für gebrauchte Eigentumswohnungen, 2000=100 VerVJ%;Index;Weder saisonal noch um Arbeitstage bereinigt;Österreich;Insgesamt;Standard, in Einheiten;22,7;AB004C006D004
Jahr;1990;;;;;Immobilienpreisindex Wien, 2000=100;Index;Weder saisonal noch um Arbeitstage bereinigt;Österreich;Insgesamt;Standard, in Einheiten;76,5;AB003C000D000E000F001
Jahr;1990;;;;;IMOP Wien, Preise für Einfamilienhäuser, 2000=100;Index;Weder saisonal noch um Arbeitstage bereinigt;Österreich;Insgesamt;Standard, in Einheiten;75,4;AB003C000D000E000F001G000
Jahr;1990;;;;;IMOP Wien, Preise für Eigentumswohnungen gesamt, 2000=100;Index;Weder saisonal noch um Arbeitstage bereinigt;Österreich;Insgesamt;Standard, in Einheiten;76,6;AB003C000D000E000F001G001
Jahr;1990;;;;;IMOP Wien, Preise für neue Eigentumswohnungen, 2000=100;Index;Weder saisonal noch um Arbeitstage bereinigt;Österreich;Insgesamt;Standard, in Einheiten;83,4;AB003C000D000E000F001G002
Jahr;1990;;;;;IMOP Wien, Preise für gebrauchte Eigentumswohnungen, 2000=100;Index;Weder saisonal noch um Arbeitstage bereinigt;Österreich;Insgesamt;Standard, in Einheiten;75,4;AB003C000D000E000F001G003
Jahr;1990;;;;;Immobilienpreisindex Wien, Veränderung z.Vorjahr in %, Index 2000=100;Prozent;Weder saisonal noch um Arbeitstage bereinigt;Österreich;Insgesamt;Standard, in Einheiten;26,1;AB004C006D000
Jahr;1990;;;;;IMOP Wien, Preise für Einfamilienhäuser, 2000=100 VerVJ%;Index;Weder saisonal noch um Arbeitstage bereinigt;Österreich;Insgesamt;Standard, in Einheiten;14,3;AB004C006D001
Jahr;1990;;;;;IMOP Wien, Preise für Eigentumswohnungen gesamt, 2000=100 VerVJ%;Index;Weder saisonal noch um Arbeitstage bereinigt;Österreich;Insgesamt;Standard, in Einheiten;27,1;AB004C006D002
Jahr;1990;;;;;IMOP Wien, Preise für neue Eigentumswohnungen, 2000=100 VerVJ%;Index;Weder saisonal noch um Arbeitstage bereinigt;Österreich;Insgesamt;Standard, in Einheiten;22,4;AB004C006D003
Jahr;1990;;;;;IMOP Wien, Preise für gebrauchte Eigentumswohnungen, 2000=100 VerVJ%;Index;Weder saisonal noch um Arbeitstage bereinigt;Österreich;Insgesamt;Standard, in Einheiten;28,1;AB004C006D004
Jahr;1991;;;;;Immobilienpreisindex Wien, 2000=100;Index;Weder saisonal noch um Arbeitstage bereinigt;Österreich;Insgesamt;Standard, in Einheiten;92,3;AB003C000D000E000F001
Jahr;1991;;;;;IMOP Wien, Preise für Einfamilienhäuser, 2000=100;Index;Weder saisonal noch um Arbeitstage bereinigt;Österreich;Insgesamt;Standard, in Einheiten;83,0;AB003C000D000E000F001G000
Jahr;1991;;;;;IMOP Wien, Preise für Eigentumswohnungen gesamt, 2000=100;Index;Weder saisonal noch um Arbeitstage bereinigt;Österreich;Insgesamt;Standard, in Einheiten;92,9;AB003C000D000E000F001G001
Jahr;1991;;;;;IMOP Wien, Preise für neue Eigentumswohnungen, 2000=100;Index;Weder saisonal noch um Arbeitstage bereinigt;Österreich;Insgesamt;Standard, in Einheiten;93,5;AB003C000D000E000F001G002
Jahr;1991;;;;;IMOP Wien, Preise für gebrauchte Eigentumswohnungen, 2000=100;Index;Weder saisonal noch um Arbeitstage bereinigt;Österreich;Insgesamt;Standard, in Einheiten;92,9;AB003C000D000E000F001G003
Jahr;1991;;;;;Immobilienpreisindex Wien, Veränderung z.Vorjahr in %, Index 2000=100;Prozent;Weder saisonal noch um Arbeitstage bereinigt;Österreich;Insgesamt;Standard, in Einheiten;20,6;AB004C006D000
Jahr;1991;;;;;IMOP Wien, Preise für Einfamilienhäuser, 2000=100 VerVJ%;Index;Weder saisonal noch um Arbeitstage bereinigt;Österreich;Insgesamt;Standard, in Einheiten;10,1;AB004C006D001
Jahr;1991;;;;;IMOP Wien, Preise für Eigentumswohnungen gesamt, 2000=100 VerVJ%;Index;Weder saisonal noch um Arbeitstage bereinigt;Österreich;Insgesamt;Standard, in Einheiten;21,3;AB004C006D002
Jahr;1991;;;;;IMOP Wien, Preise für neue Eigentumswohnungen, 2000=100 VerVJ%;Index;Weder saisonal noch um Arbeitstage bereinigt;Österreich;Insgesamt;Standard, in Einheiten;12,1;AB004C006D003
Jahr;1991;;;;;IMOP Wien, Preise für gebrauchte Eigentumswohnungen, 2000=100 VerVJ%;Index;Weder saisonal noch um Arbeitstage bereinigt;Österreich;Insgesamt;Standard, in Einheiten;23,1;AB004C006D004
Jahr;1992;;;;;Immobilienpreisindex Wien, 2000=100;Index;Weder saisonal noch um Arbeitstage bereinigt;Österreich;Insgesamt;Standard, in Einheiten;107,0;AB003C000D000E000F001
Jahr;1992;;;;;IMOP Wien, Preise für Einfamilienhäuser, 2000=100;Index;Weder saisonal noch um Arbeitstage bereinigt;Österreich;Insgesamt;Standard, in Einheiten;94,6;AB003C000D000E000F001G000
Jahr;1992;;;;;IMOP Wien, Preise für Eigentumswohnungen gesamt, 2000=100;Index;Weder saisonal noch um Arbeitstage bereinigt;Österreich;Insgesamt;Standard, in Einheiten;107,9;AB003C000D000E000F001G001
Jahr;1992;;;;;IMOP Wien, Preise für neue Eigentumswohnungen, 2000=100;Index;Weder saisonal noch um Arbeitstage bereinigt;Österreich;Insgesamt;Standard, in Einheiten;103,7;AB003C000D000E000F001G002
Jahr;1992;;;;;IMOP Wien, Preise für gebrauchte Eigentumswohnungen, 2000=100;Index;Weder saisonal noch um Arbeitstage bereinigt;Österreich;Insgesamt;Standard, in Einheiten;108,6;AB003C000D000E000F001G003
Jahr;1992;;;;;Immobilienpreisindex Wien, Veränderung z.Vorjahr in %, Index 2000=100;Prozent;Weder saisonal noch um Arbeitstage bereinigt;Österreich;Insgesamt;Standard, in Einheiten;16,0;AB004C006D000
Jahr;1992;;;;;IMOP Wien, Preise für Einfamilienhäuser, 2000=100 VerVJ%;Index;Weder saisonal noch um Arbeitstage bereinigt;Österreich;Insgesamt;Standard, in Einheiten;13,9;AB004C006D001
Jahr;1992;;;;;IMOP Wien, Preise für Eigentumswohnungen gesamt, 2000=100 VerVJ%;Index;Weder saisonal noch um Arbeitstage bereinigt;Österreich;Insgesamt;Standard, in Einheiten;16,1;AB004C006D002
Jahr;1992;;;;;IMOP Wien, Preise für neue Eigentumswohnungen, 2000=100 VerVJ%;Index;Weder saisonal noch um Arbeitstage bereinigt;Österreich;Insgesamt;Standard, in Einheiten;10,9;AB004C006D003
Jahr;1992;;;;;IMOP Wien, Preise für gebrauchte Eigentumswohnungen, 2000=100 VerVJ%;Index;Weder saisonal noch um Arbeitstage bereinigt;Österreich;Insgesamt;Standard, in Einheiten;17,0;AB004C006D004
Jahr;1993;;;;;Immobilienpreisindex Wien, 2000=100;Index;Weder saisonal noch um Arbeitstage bereinigt;Österreich;Insgesamt;Standard, in Einheiten;107,4;AB003C000D000E000F001
Jahr;1993;;;;;IMOP Wien, Preise für Einfamilienhäuser, 2000=100;Index;Weder saisonal noch um Arbeitstage bereinigt;Österreich;Insgesamt;Standard, in Einheiten;95,9;AB003C000D000E000F001G000
Jahr;1993;;;;;IMOP Wien, Preise für Eigentumswohnungen gesamt, 2000=100;Index;Weder saisonal noch um Arbeitstage bereinigt;Österreich;Insgesamt;Standard, in Einheiten;108,2;AB003C000D000E000F001G001
Jahr;1993;;;;;IMOP Wien, Preise für neue Eigentumswohnungen, 2000=100;Index;Weder saisonal noch um Arbeitstage bereinigt;Österreich;Insgesamt;Standard, in Einheiten;99,2;AB003C000D000E000F001G002
Jahr;1993;;;;;IMOP Wien, Preise für gebrauchte Eigentumswohnungen, 2000=100;Index;Weder saisonal noch um Arbeitstage bereinigt;Österreich;Insgesamt;Standard, in Einheiten;109,8;AB003C000D000E000F001G003
Jahr;1993;;;;;Immobilienpreisindex Wien, Veränderung z.Vorjahr in %, Index 2000=100;Prozent;Weder saisonal noch um Arbeitstage bereinigt;Österreich;Insgesamt;Standard, in Einheiten;0,4;AB004C006D000
Jahr;1993;;;;;IMOP Wien, Preise für Einfamilienhäuser, 2000=100 VerVJ%;Index;Weder saisonal noch um Arbeitstage bereinigt;Österreich;Insgesamt;Standard, in Einheiten;1,3;AB004C006D001
Jahr;1993;;;;;IMOP Wien, Preise für Eigentumswohnungen gesamt, 2000=100 VerVJ%;Index;Weder saisonal noch um Arbeitstage bereinigt;Österreich;Insgesamt;Standard, in Einheiten;0,3;AB004C006D002
Jahr;1993;;;;;IMOP Wien, Preise für neue Eigentumswohnungen, 2000=100 VerVJ%;Index;Weder saisonal noch um Arbeitstage bereinigt;Österreich;Insgesamt;Standard, in Einheiten;-4,4;AB004C006D003
Jahr;1993;;;;;IMOP Wien, Preise für gebrauchte Eigentumswohnungen, 2000=100 VerVJ%;Index;Weder saisonal noch um Arbeitstage bereinigt;Österreich;Insgesamt;Standard, in Einheiten;1,1;AB004C006D004
Jahr;1994;;;;;Immobilienpreisindex Wien, 2000=100;Index;Weder saisonal noch um Arbeitstage bereinigt;Österreich;Insgesamt;Standard, in Einheiten;107,8;AB003C000D000E000F001
Jahr;1994;;;;;IMOP Wien, Preise für Einfamilienhäuser, 2000=100;Index;Weder saisonal noch um Arbeitstage bereinigt;Österreich;Insgesamt;Standard, in Einheiten;98,2;AB003C000D000E000F001G000
Jahr;1994;;;;;IMOP Wien, Preise für Eigentumswohnungen gesamt, 2000=100;Index;Weder saisonal noch um Arbeitstage bereinigt;Österreich;Insgesamt;Standard, in Einheiten;108,6;AB003C000D000E000F001G001
Jahr;1994;;;;;IMOP Wien, Preise für neue Eigentumswohnungen, 2000=100;Index;Weder saisonal noch um Arbeitstage bereinigt;Österreich;Insgesamt;Standard, in Einheiten;102,3;AB003C000D000E000F001G002
Jahr;1994;;;;;IMOP Wien, Preise für gebrauchte Eigentumswohnungen, 2000=100;Index;Weder saisonal noch um Arbeitstage bereinigt;Österreich;Insgesamt;Standard, in Einheiten;109,6;AB003C000D000E000F001G003
Jahr;1994;;;;;Immobilienpreisindex Wien, Veränderung z.Vorjahr in %, Index 2000=100;Prozent;Weder saisonal noch um Arbeitstage bereinigt;Österreich;Insgesamt;Standard, in Einheiten;0,4;AB004C006D000
Jahr;1994;;;;;IMOP Wien, Preise für Einfamilienhäuser, 2000=100 VerVJ%;Index;Weder saisonal noch um Arbeitstage bereinigt;Österreich;Insgesamt;Standard, in Einheiten;2,4;AB004C006D001
Jahr;1994;;;;;IMOP Wien, Preise für Eigentumswohnungen gesamt, 2000=100 VerVJ%;Index;Weder saisonal noch um Arbeitstage bereinigt;Österreich;Insgesamt;Standard, in Einheiten;0,3;AB004C006D002
Jahr;1994;;;;;IMOP Wien, Preise für neue Eigentumswohnungen, 2000=100 VerVJ%;Index;Weder saisonal noch um Arbeitstage bereinigt;Österreich;Insgesamt;Standard, in Einheiten;3,1;AB004C006D003
Jahr;1994;;;;;IMOP Wien, Preise für gebrauchte Eigentumswohnungen, 2000=100 VerVJ%;Index;Weder saisonal noch um Arbeitstage bereinigt;Österreich;Insgesamt;Standard, in Einheiten;-0,2;AB004C006D004
Jahr;1995;;;;;Immobilienpreisindex Wien, 2000=100;Index;Weder saisonal noch um Arbeitstage bereinigt;Österreich;Insgesamt;Standard, in Einheiten;106,8;AB003C000D000E000F001
Jahr;1995;;;;;IMOP Wien, Preise für Einfamilienhäuser, 2000=100;Index;Weder saisonal noch um Arbeitstage bereinigt;Österreich;Insgesamt;Standard, in Einheiten;101,0;AB003C000D000E000F001G000
Jahr;1995;;;;;IMOP Wien, Preise für Eigentumswohnungen gesamt, 2000=100;Index;Weder saisonal noch um Arbeitstage bereinigt;Österreich;Insgesamt;Standard, in Einheiten;107,2;AB003C000D000E000F001G001
Jahr;1995;;;;;IMOP Wien, Preise für neue Eigentumswohnungen, 2000=100;Index;Weder saisonal noch um Arbeitstage bereinigt;Österreich;Insgesamt;Standard, in Einheiten;89,8;AB003C000D000E000F001G002
Jahr;1995;;;;;IMOP Wien, Preise für gebrauchte Eigentumswohnungen, 2000=100;Index;Weder saisonal noch um Arbeitstage bereinigt;Österreich;Insgesamt;Standard, in Einheiten;110,2;AB003C000D000E000F001G003
Jahr;1995;;;;;Immobilienpreisindex Wien, Veränderung z.Vorjahr in %, Index 2000=100;Prozent;Weder saisonal noch um Arbeitstage bereinigt;Österreich;Insgesamt;Standard, in Einheiten;-1,0;AB004C006D000
Jahr;1995;;;;;IMOP Wien, Preise für Einfamilienhäuser, 2000=100 VerVJ%;Index;Weder saisonal noch um Arbeitstage bereinigt;Österreich;Insgesamt;Standard, in Einheiten;2,9;AB004C006D001
Jahr;1995;;;;;IMOP Wien, Preise für Eigentumswohnungen gesamt, 2000=100 VerVJ%;Index;Weder saisonal noch um Arbeitstage bereinigt;Österreich;Insgesamt;Standard, in Einheiten;-1,2;AB004C006D002
Jahr;1995;;;;;IMOP Wien, Preise für neue Eigentumswohnungen, 2000=100 VerVJ%;Index;Weder saisonal noch um Arbeitstage bereinigt;Österreich;Insgesamt;Standard, in Einheiten;-12,2;AB004C006D003
Jahr;1995;;;;;IMOP Wien, Preise für gebrauchte Eigentumswohnungen, 2000=100 VerVJ%;Index;Weder saisonal noch um Arbeitstage bereinigt;Österreich;Insgesamt;Standard, in Einheiten;0,5;AB004C006D004
Jahr;1996;;;;;Immobilienpreisindex Wien, 2000=100;Index;Weder saisonal noch um Arbeitstage bereinigt;Österreich;Insgesamt;Standard, in Einheiten;107,0;AB003C000D000E000F001
Jahr;1996;;;;;IMOP Wien, Preise für Einfamilienhäuser, 2000=100;Index;Weder saisonal noch um Arbeitstage bereinigt;Österreich;Insgesamt;Standard, in Einheiten;101,0;AB003C000D000E000F001G000
Jahr;1996;;;;;IMOP Wien, Preise für Eigentumswohnungen gesamt, 2000=100;Index;Weder saisonal noch um Arbeitstage bereinigt;Österreich;Insgesamt;Standard, in Einheiten;107,5;AB003C000D000E000F001G001
Jahr;1996;;;;;IMOP Wien, Preise für neue Eigentumswohnungen, 2000=100;Index;Weder saisonal noch um Arbeitstage bereinigt;Österreich;Insgesamt;Standard, in Einheiten;95,1;AB003C000D000E000F001G002
Jahr;1996;;;;;IMOP Wien, Preise für gebrauchte Eigentumswohnungen, 2000=100;Index;Weder saisonal noch um Arbeitstage bereinigt;Österreich;Insgesamt;Standard, in Einheiten;109,6;AB003C000D000E000F001G003
Jahr;1996;;;;;Immobilienpreisindex Wien, Veränderung z.Vorjahr in %, Index 2000=100;Prozent;Weder saisonal noch um Arbeitstage bereinigt;Österreich;Insgesamt;Standard, in Einheiten;0,2;AB004C006D000
Jahr;1996;;;;;IMOP Wien, Preise für Einfamilienhäuser, 2000=100 VerVJ%;Index;Weder saisonal noch um Arbeitstage bereinigt;Österreich;Insgesamt;Standard, in Einheiten;-0,1;AB004C006D001
Jahr;1996;;;;;IMOP Wien, Preise für Eigentumswohnungen gesamt, 2000=100 VerVJ%;Index;Weder saisonal noch um Arbeitstage bereinigt;Österreich;Insgesamt;Standard, in Einheiten;0,2;AB004C006D002
Jahr;1996;;;;;IMOP Wien, Preise für neue Eigentumswohnungen, 2000=100 VerVJ%;Index;Weder saisonal noch um Arbeitstage bereinigt;Österreich;Insgesamt;Standard, in Einheiten;6,0;AB004C006D003
Jahr;1996;;;;;IMOP Wien, Preise für gebrauchte Eigentumswohnungen, 2000=100 VerVJ%;Index;Weder saisonal noch um Arbeitstage bereinigt;Österreich;Insgesamt;Standard, in Einheiten;-0,6;AB004C006D004
Jahr;1997;;;;;Immobilienpreisindex Wien, 2000=100;Index;Weder saisonal noch um Arbeitstage bereinigt;Österreich;Insgesamt;Standard, in Einheiten;107,8;AB003C000D000E000F001
Jahr;1997;;;;;IMOP Wien, Preise für Einfamilienhäuser, 2000=100;Index;Weder saisonal noch um Arbeitstage bereinigt;Österreich;Insgesamt;Standard, in Einheiten;103,2;AB003C000D000E000F001G000
Jahr;1997;;;;;IMOP Wien, Preise für Eigentumswohnungen gesamt, 2000=100;Index;Weder saisonal noch um Arbeitstage bereinigt;Österreich;Insgesamt;Standard, in Einheiten;108,2;AB003C000D000E000F001G001
Jahr;1997;;;;;IMOP Wien, Preise für neue Eigentumswohnungen, 2000=100;Index;Weder saisonal noch um Arbeitstage bereinigt;Österreich;Insgesamt;Standard, in Einheiten;93,5;AB003C000D000E000F001G002
Jahr;1997;;;;;IMOP Wien, Preise für gebrauchte Eigentumswohnungen, 2000=100;Index;Weder saisonal noch um Arbeitstage bereinigt;Österreich;Insgesamt;Standard, in Einheiten;110,7;AB003C000D000E000F001G003
Jahr;1997;;;;;Immobilienpreisindex Wien, Veränderung z.Vorjahr in %, Index 2000=100;Prozent;Weder saisonal noch um Arbeitstage bereinigt;Österreich;Insgesamt;Standard, in Einheiten;0,7;AB004C006D000
Jahr;1997;;;;;IMOP Wien, Preise für Einfamilienhäuser, 2000=100 VerVJ%;Index;Weder saisonal noch um Arbeitstage bereinigt;Österreich;Insgesamt;Standard, in Einheiten;2,2;AB004C006D001
Jahr;1997;;;;;IMOP Wien, Preise für Eigentumswohnungen gesamt, 2000=100 VerVJ%;Index;Weder saisonal noch um Arbeitstage bereinigt;Österreich;Insgesamt;Standard, in Einheiten;0,6;AB004C006D002
Jahr;1997;;;;;IMOP Wien, Preise für neue Eigentumswohnungen, 2000=100 VerVJ%;Index;Weder saisonal noch um Arbeitstage bereinigt;Österreich;Insgesamt;Standard, in Einheiten;-1,7;AB004C006D003
Jahr;1997;;;;;IMOP Wien, Preise für gebrauchte Eigentumswohnungen, 2000=100 VerVJ%;Index;Weder saisonal noch um Arbeitstage bereinigt;Österreich;Insgesamt;Standard, in Einheiten;1,0;AB004C006D004
Jahr;1998;;;;;Immobilienpreisindex Wien, 2000=100;Index;Weder saisonal noch um Arbeitstage bereinigt;Österreich;Insgesamt;Standard, in Einheiten;102,6;AB003C000D000E000F001
Jahr;1998;;;;;IMOP Wien, Preise für Einfamilienhäuser, 2000=100;Index;Weder saisonal noch um Arbeitstage bereinigt;Österreich;Insgesamt;Standard, in Einheiten;97,0;AB003C000D000E000F001G000
Jahr;1998;;;;;IMOP Wien, Preise für Eigentumswohnungen gesamt, 2000=100;Index;Weder saisonal noch um Arbeitstage bereinigt;Österreich;Insgesamt;Standard, in Einheiten;103,0;AB003C000D000E000F001G001
Jahr;1998;;;;;IMOP Wien, Preise für neue Eigentumswohnungen, 2000=100;Index;Weder saisonal noch um Arbeitstage bereinigt;Österreich;Insgesamt;Standard, in Einheiten;88,1;AB003C000D000E000F001G002
Jahr;1998;;;;;IMOP Wien, Preise für gebrauchte Eigentumswohnungen, 2000=100;Index;Weder saisonal noch um Arbeitstage bereinigt;Österreich;Insgesamt;Standard, in Einheiten;105,5;AB003C000D000E000F001G003
Jahr;1998;;;;;Immobilienpreisindex Wien, Veränderung z.Vorjahr in %, Index 2000=100;Prozent;Weder saisonal noch um Arbeitstage bereinigt;Österreich;Insgesamt;Standard, in Einheiten;-4,9;AB004C006D000
Jahr;1998;;;;;IMOP Wien, Preise für Einfamilienhäuser, 2000=100 VerVJ%;Index;Weder saisonal noch um Arbeitstage bereinigt;Österreich;Insgesamt;Standard, in Einheiten;-6,0;AB004C006D001
Jahr;1998;;;;;IMOP Wien, Preise für Eigentumswohnungen gesamt, 2000=100 VerVJ%;Index;Weder saisonal noch um Arbeitstage bereinigt;Österreich;Insgesamt;Standard, in Einheiten;-4,8;AB004C006D002
Jahr;1998;;;;;IMOP Wien, Preise für neue Eigentumswohnungen, 2000=100 VerVJ%;Index;Weder saisonal noch um Arbeitstage bereinigt;Österreich;Insgesamt;Standard, in Einheiten;-5,8;AB004C006D003
Jahr;1998;;;;;IMOP Wien, Preise für gebrauchte Eigentumswohnungen, 2000=100 VerVJ%;Index;Weder saisonal noch um Arbeitstage bereinigt;Österreich;Insgesamt;Standard, in Einheiten;-4,7;AB004C006D004
Jahr;1999;;;;;Immobilienpreisindex Wien, 2000=100;Index;Weder saisonal noch um Arbeitstage bereinigt;Österreich;Insgesamt;Standard, in Einheiten;100,0;AB003C000D000E000F001
Jahr;1999;;;;;IMOP Wien, Preise für Einfamilienhäuser, 2000=100;Index;Weder saisonal noch um Arbeitstage bereinigt;Österreich;Insgesamt;Standard, in Einheiten;99,4;AB003C000D000E000F001G000
Jahr;1999;;;;;IMOP Wien, Preise für Eigentumswohnungen gesamt, 2000=100;Index;Weder saisonal noch um Arbeitstage bereinigt;Österreich;Insgesamt;Standard, in Einheiten;100,0;AB003C000D000E000F001G001
Jahr;1999;;;;;IMOP Wien, Preise für neue Eigentumswohnungen, 2000=100;Index;Weder saisonal noch um Arbeitstage bereinigt;Österreich;Insgesamt;Standard, in Einheiten;91,5;AB003C000D000E000F001G002
Jahr;1999;;;;;IMOP Wien, Preise für gebrauchte Eigentumswohnungen, 2000=100;Index;Weder saisonal noch um Arbeitstage bereinigt;Österreich;Insgesamt;Standard, in Einheiten;101,5;AB003C000D000E000F001G003
Jahr;1999;;;;;Immobilienpreisindex Wien, Veränderung z.Vorjahr in %, Index 2000=100;Prozent;Weder saisonal noch um Arbeitstage bereinigt;Österreich;Insgesamt;Standard, in Einheiten;-2,5;AB004C006D000
Jahr;1999;;;;;IMOP Wien, Preise für Einfamilienhäuser, 2000=100 VerVJ%;Index;Weder saisonal noch um Arbeitstage bereinigt;Österreich;Insgesamt;Standard, in Einheiten;2,5;AB004C006D001
Jahr;1999;;;;;IMOP Wien, Preise für Eigentumswohnungen gesamt, 2000=100 VerVJ%;Index;Weder saisonal noch um Arbeitstage bereinigt;Österreich;Insgesamt;Standard, in Einheiten;-2,8;AB004C006D002
Jahr;1999;;;;;IMOP Wien, Preise für neue Eigentumswohnungen, 2000=100 VerVJ%;Index;Weder saisonal noch um Arbeitstage bereinigt;Österreich;Insgesamt;Standard, in Einheiten;3,8;AB004C006D003
Jahr;1999;;;;;IMOP Wien, Preise für gebrauchte Eigentumswohnungen, 2000=100 VerVJ%;Index;Weder saisonal noch um Arbeitstage bereinigt;Österreich;Insgesamt;Standard, in Einheiten;-3,8;AB004C006D004
Jahr;2000;;;;;Österreich -Wohnimmobilienpreisindex 2000=100 Hedon. Reggr.-Modell;Index;Weder saisonal noch um Arbeitstage bereinigt;Österreich;Insgesamt;Standard, in Einheiten;100,0;AB003C000D000E000
Jahr;2000;;;;;Immobilienpreisindex Österreich (ohne Wien), 2000=100;Index;Weder saisonal noch um Arbeitstage bereinigt;Österreich;Insgesamt;Standard, in Einheiten;100,0;AB003C000D000E000F000
Jahr;2000;;;;;IMOP Österreich (ohne Wien) Preise für Einfamilienhäuser, 2000=100;Index;Weder saisonal noch um Arbeitstage bereinigt;Österreich;Insgesamt;Standard, in Einheiten;100,0;AB003C000D000E000F000G000
Jahr;2000;;;;;IMOP Österreich (o Wien) Preise Eigentumswohnungen gesamt,2000=100;Index;Weder saisonal noch um Arbeitstage bereinigt;Österreich;Insgesamt;Standard, in Einheiten;100,0;AB003C000D000E000F000G001
Jahr;2000;;;;;IMOP Österreich (o Wien) Preise für neue Eigentumswohnungen, 2000=100;Index;Weder saisonal noch um Arbeitstage bereinigt;Österreich;Insgesamt;Standard, in Einheiten;100,0;AB003C000D000E000F000G002
Jahr;2000;;;;;IMOP Österreich (o Wien) Preise gebrauchte Eigentumswohnungen,2000=100;Index;Weder saisonal noch um Arbeitstage bereinigt;Österreich;Insgesamt;Standard, in Einheiten;100,0;AB003C000D000E000F000G003
Jahr;2000;;;;;Immobilienpreisindex Wien, 2000=100;Index;Weder saisonal noch um Arbeitstage bereinigt;Österreich;Insgesamt;Standard, in Einheiten;100,0;AB003C000D000E000F001
Jahr;2000;;;;;IMOP Wien, Preise für Einfamilienhäuser, 2000=100;Index;Weder saisonal noch um Arbeitstage bereinigt;Österreich;Insgesamt;Standard, in Einheiten;100,0;AB003C000D000E000F001G000
Jahr;2000;;;;;IMOP Wien, Preise für Eigentumswohnungen gesamt, 2000=100;Index;Weder saisonal noch um Arbeitstage bereinigt;Österreich;Insgesamt;Standard, in Einheiten;100,0;AB003C000D000E000F001G001
Jahr;2000;;;;;IMOP Wien, Preise für neue Eigentumswohnungen, 2000=100;Index;Weder saisonal noch um Arbeitstage bereinigt;Österreich;Insgesamt;Standard, in Einheiten;100,0;AB003C000D000E000F001G002
Jahr;2000;;;;;IMOP Wien, Preise für gebrauchte Eigentumswohnungen, 2000=100;Index;Weder saisonal noch um Arbeitstage bereinigt;Österreich;Insgesamt;Standard, in Einheiten;100,0;AB003C000D000E000F001G003
Jahr;2000;;;;;Immobilienpreisindex Wien, Veränderung z.Vorjahr in %, Index 2000=100;Prozent;Weder saisonal noch um Arbeitstage bereinigt;Österreich;Insgesamt;Standard, in Einheiten;0,0;AB004C006D000
Jahr;2000;;;;;IMOP Wien, Preise für Einfamilienhäuser, 2000=100 VerVJ%;Index;Weder saisonal noch um Arbeitstage bereinigt;Österreich;Insgesamt;Standard, in Einheiten;0,6;AB004C006D001
Jahr;2000;;;;;IMOP Wien, Preise für Eigentumswohnungen gesamt, 2000=100 VerVJ%;Index;Weder saisonal noch um Arbeitstage bereinigt;Österreich;Insgesamt;Standard, in Einheiten;0,0;AB004C006D002
Jahr;2000;;;;;IMOP Wien, Preise für neue Eigentumswohnungen, 2000=100 VerVJ%;Index;Weder saisonal noch um Arbeitstage bereinigt;Österreich;Insgesamt;Standard, in Einheiten;9,3;AB004C006D003
Jahr;2000;;;;;IMOP Wien, Preise für gebrauchte Eigentumswohnungen, 2000=100 VerVJ%;Index;Weder saisonal noch um Arbeitstage bereinigt;Österreich;Insgesamt;Standard, in Einheiten;-1,5;AB004C006D004
Jahr;2001;;;;;Österreich -Wohnimmobilienpreisindex 2000=100 Hedon. Reggr.-Modell;Index;Weder saisonal noch um Arbeitstage bereinigt;Österreich;Insgesamt;Standard, in Einheiten;100,8;AB003C000D000E000
Jahr;2001;;;;;Immobilienpreisindex Österreich (ohne Wien), 2000=100;Index;Weder saisonal noch um Arbeitstage bereinigt;Österreich;Insgesamt;Standard, in Einheiten;102,4;AB003C000D000E000F000
Jahr;2001;;;;;IMOP Österreich (ohne Wien) Preise für Einfamilienhäuser, 2000=100;Index;Weder saisonal noch um Arbeitstage bereinigt;Österreich;Insgesamt;Standard, in Einheiten;97,4;AB003C000D000E000F000G000
Jahr;2001;;;;;IMOP Österreich (o Wien) Preise Eigentumswohnungen gesamt,2000=100;Index;Weder saisonal noch um Arbeitstage bereinigt;Österreich;Insgesamt;Standard, in Einheiten;104,5;AB003C000D000E000F000G001
Jahr;2001;;;;;IMOP Österreich (o Wien) Preise für neue Eigentumswohnungen, 2000=100;Index;Weder saisonal noch um Arbeitstage bereinigt;Österreich;Insgesamt;Standard, in Einheiten;106,1;AB003C000D000E000F000G002
Jahr;2001;;;;;IMOP Österreich (o Wien) Preise gebrauchte Eigentumswohnungen,2000=100;Index;Weder saisonal noch um Arbeitstage bereinigt;Österreich;Insgesamt;Standard, in Einheiten;104,3;AB003C000D000E000F000G003
Jahr;2001;;;;;Immobilienpreisindex Wien, 2000=100;Index;Weder saisonal noch um Arbeitstage bereinigt;Österreich;Insgesamt;Standard, in Einheiten;96,6;AB003C000D000E000F001
Jahr;2001;;;;;IMOP Wien, Preise für Einfamilienhäuser, 2000=100;Index;Weder saisonal noch um Arbeitstage bereinigt;Österreich;Insgesamt;Standard, in Einheiten;97,6;AB003C000D000E000F001G000
Jahr;2001;;;;;IMOP Wien, Preise für Eigentumswohnungen gesamt, 2000=100;Index;Weder saisonal noch um Arbeitstage bereinigt;Österreich;Insgesamt;Standard, in Einheiten;96,5;AB003C000D000E000F001G001
Jahr;2001;;;;;IMOP Wien, Preise für neue Eigentumswohnungen, 2000=100;Index;Weder saisonal noch um Arbeitstage bereinigt;Österreich;Insgesamt;Standard, in Einheiten;99,6;AB003C000D000E000F001G002
Jahr;2001;;;;;IMOP Wien, Preise für gebrauchte Eigentumswohnungen, 2000=100;Index;Weder saisonal noch um Arbeitstage bereinigt;Österreich;Insgesamt;Standard, in Einheiten;96,0;AB003C000D000E000F001G003
Jahr;2001;;;;;Österreich -Wohnimmobilienpreisindex 00=100 Hedon.Reggr.Modell VRzVJ%;Prozent;Weder saisonal noch um Arbeitstage bereinigt;Österreich;Insgesamt;Standard, in Einheiten;0,8;AB004C006
Jahr;2001;;;;;Immobilienpreisindex Wien, Veränderung z.Vorjahr in %, Index 2000=100;Prozent;Weder saisonal noch um Arbeitstage bereinigt;Österreich;Insgesamt;Standard, in Einheiten;-3,4;AB004C006D000
Jahr;2001;;;;;IMOP Wien, Preise für Einfamilienhäuser, 2000=100 VerVJ%;Index;Weder saisonal noch um Arbeitstage bereinigt;Österreich;Insgesamt;Standard, in Einheiten;-2,4;AB004C006D001
Jahr;2001;;;;;IMOP Wien, Preise für Eigentumswohnungen gesamt, 2000=100 VerVJ%;Index;Weder saisonal noch um Arbeitstage bereinigt;Österreich;Insgesamt;Standard, in Einheiten;-3,5;AB004C006D002
Jahr;2001;;;;;IMOP Wien, Preise für neue Eigentumswohnungen, 2000=100 VerVJ%;Index;Weder saisonal noch um Arbeitstage bereinigt;Österreich;Insgesamt;Standard, in Einheiten;-0,4;AB004C006D003
Jahr;2001;;;;;IMOP Wien, Preise für gebrauchte Eigentumswohnungen, 2000=100 VerVJ%;Index;Weder saisonal noch um Arbeitstage bereinigt;Österreich;Insgesamt;Standard, in Einheiten;-4,0;AB004C006D004
Jahr;2001;;;;;Immobilienpreisindex Österreich ohne Wien, Ver. z.Vorj. in %  2000=100;Prozent;Weder saisonal noch um Arbeitstage bereinigt;Österreich;Insgesamt;Standard, in Einheiten;2,4;AB004C006D005
Jahr;2001;;;;;IMOP Österreich (o Wien) Preise f Einfamilienhäuser, 2000=100 VerVJ%;Prozent;Weder saisonal noch um Arbeitstage bereinigt;Österreich;Insgesamt;Standard, in Einheiten;-2,6;AB004C006D006
Jahr;2001;;;;;IMOP Österreich (o Wien)Preise Eigentumswohnungen gesamt,00=100 VerVJ%;Index;Weder saisonal noch um Arbeitstage bereinigt;Österreich;Insgesamt;Standard, in Einheiten;4,5;AB004C006D007
Jahr;2001;;;;;IMOP Österreich (o Wien) Preise neue Eigentumswohnungen, 00=100 VerVJ%;Index;Weder saisonal noch um Arbeitstage bereinigt;Österreich;Insgesamt;Standard, in Einheiten;6,1;AB004C006D008
Jahr;2001;;;;;IMOP Österreich (o Wien) Preise gebrauchte Eigentumswohn,00=100 VerVJ%;Index;Weder saisonal noch um Arbeitstage bereinigt;Österreich;Insgesamt;Standard, in Einheiten;4,3;AB004C006D009
Jahr;2002;;;;;Österreich -Wohnimmobilienpreisindex 2000=100 Hedon. Reggr.-Modell;Index;Weder saisonal noch um Arbeitstage bereinigt;Österreich;Insgesamt;Standard, in Einheiten;101,4;AB003C000D000E000
Jahr;2002;;;;;Immobilienpreisindex Österreich (ohne Wien), 2000=100;Index;Weder saisonal noch um Arbeitstage bereinigt;Österreich;Insgesamt;Standard, in Einheiten;102,6;AB003C000D000E000F000
Jahr;2002;;;;;IMOP Österreich (ohne Wien) Preise für Einfamilienhäuser, 2000=100;Index;Weder saisonal noch um Arbeitstage bereinigt;Österreich;Insgesamt;Standard, in Einheiten;98,8;AB003C000D000E000F000G000
Jahr;2002;;;;;IMOP Österreich (o Wien) Preise Eigentumswohnungen gesamt,2000=100;Index;Weder saisonal noch um Arbeitstage bereinigt;Österreich;Insgesamt;Standard, in Einheiten;104,2;AB003C000D000E000F000G001
Jahr;2002;;;;;IMOP Österreich (o Wien) Preise für neue Eigentumswohnungen, 2000=100;Index;Weder saisonal noch um Arbeitstage bereinigt;Österreich;Insgesamt;Standard, in Einheiten;101,8;AB003C000D000E000F000G002
Jahr;2002;;;;;IMOP Österreich (o Wien) Preise gebrauchte Eigentumswohnungen,2000=100;Index;Weder saisonal noch um Arbeitstage bereinigt;Österreich;Insgesamt;Standard, in Einheiten;104,5;AB003C000D000E000F000G003
Jahr;2002;;;;;Immobilienpreisindex Wien, 2000=100;Index;Weder saisonal noch um Arbeitstage bereinigt;Österreich;Insgesamt;Standard, in Einheiten;98,4;AB003C000D000E000F001
Jahr;2002;;;;;IMOP Wien, Preise für Einfamilienhäuser, 2000=100;Index;Weder saisonal noch um Arbeitstage bereinigt;Österreich;Insgesamt;Standard, in Einheiten;102,5;AB003C000D000E000F001G000
Jahr;2002;;;;;IMOP Wien, Preise für Eigentumswohnungen gesamt, 2000=100;Index;Weder saisonal noch um Arbeitstage bereinigt;Österreich;Insgesamt;Standard, in Einheiten;98,1;AB003C000D000E000F001G001
Jahr;2002;;;;;IMOP Wien, Preise für neue Eigentumswohnungen, 2000=100;Index;Weder saisonal noch um Arbeitstage bereinigt;Österreich;Insgesamt;Standard, in Einheiten;103,8;AB003C000D000E000F001G002
Jahr;2002;;;;;IMOP Wien, Preise für gebrauchte Eigentumswohnungen, 2000=100;Index;Weder saisonal noch um Arbeitstage bereinigt;Österreich;Insgesamt;Standard, in Einheiten;97,1;AB003C000D000E000F001G003
Jahr;2002;;;;;Österreich -Wohnimmobilienpreisindex 00=100 Hedon.Reggr.Modell VRzVJ%;Prozent;Weder saisonal noch um Arbeitstage bereinigt;Österreich;Insgesamt;Standard, in Einheiten;0,6;AB004C006
Jahr;2002;;;;;Immobilienpreisindex Wien, Veränderung z.Vorjahr in %, Index 2000=100;Prozent;Weder saisonal noch um Arbeitstage bereinigt;Österreich;Insgesamt;Standard, in Einheiten;1,8;AB004C006D000
Jahr;2002;;;;;IMOP Wien, Preise für Einfamilienhäuser, 2000=100 VerVJ%;Index;Weder saisonal noch um Arbeitstage bereinigt;Österreich;Insgesamt;Standard, in Einheiten;5,0;AB004C006D001
Jahr;2002;;;;;IMOP Wien, Preise für Eigentumswohnungen gesamt, 2000=100 VerVJ%;Index;Weder saisonal noch um Arbeitstage bereinigt;Österreich;Insgesamt;Standard, in Einheiten;1,6;AB004C006D002
Jahr;2002;;;;;IMOP Wien, Preise für neue Eigentumswohnungen, 2000=100 VerVJ%;Index;Weder saisonal noch um Arbeitstage bereinigt;Österreich;Insgesamt;Standard, in Einheiten;4,3;AB004C006D003
Jahr;2002;;;;;IMOP Wien, Preise für gebrauchte Eigentumswohnungen, 2000=100 VerVJ%;Index;Weder saisonal noch um Arbeitstage bereinigt;Österreich;Insgesamt;Standard, in Einheiten;1,1;AB004C006D004
Jahr;2002;;;;;Immobilienpreisindex Österreich ohne Wien, Ver. z.Vorj. in %  2000=100;Prozent;Weder saisonal noch um Arbeitstage bereinigt;Österreich;Insgesamt;Standard, in Einheiten;0,2;AB004C006D005
Jahr;2002;;;;;IMOP Österreich (o Wien) Preise f Einfamilienhäuser, 2000=100 VerVJ%;Prozent;Weder saisonal noch um Arbeitstage bereinigt;Österreich;Insgesamt;Standard, in Einheiten;1,4;AB004C006D006
Jahr;2002;;;;;IMOP Österreich (o Wien)Preise Eigentumswohnungen gesamt,00=100 VerVJ%;Index;Weder saisonal noch um Arbeitstage bereinigt;Österreich;Insgesamt;Standard, in Einheiten;-0,3;AB004C006D007
Jahr;2002;;;;;IMOP Österreich (o Wien) Preise neue Eigentumswohnungen, 00=100 VerVJ%;Index;Weder saisonal noch um Arbeitstage bereinigt;Österreich;Insgesamt;Standard, in Einheiten;-4,1;AB004C006D008
Jahr;2002;;;;;IMOP Österreich (o Wien) Preise gebrauchte Eigentumswohn,00=100 VerVJ%;Index;Weder saisonal noch um Arbeitstage bereinigt;Österreich;Insgesamt;Standard, in Einheiten;0,2;AB004C006D009
Jahr;2003;;;;;Österreich -Wohnimmobilienpreisindex 2000=100 Hedon. Reggr.-Modell;Index;Weder saisonal noch um Arbeitstage bereinigt;Österreich;Insgesamt;Standard, in Einheiten;101,7;AB003C000D000E000
Jahr;2003;;;;;Immobilienpreisindex Österreich (ohne Wien), 2000=100;Index;Weder saisonal noch um Arbeitstage bereinigt;Österreich;Insgesamt;Standard, in Einheiten;102,9;AB003C000D000E000F000
Jahr;2003;;;;;IMOP Österreich (ohne Wien) Preise für Einfamilienhäuser, 2000=100;Index;Weder saisonal noch um Arbeitstage bereinigt;Österreich;Insgesamt;Standard, in Einheiten;98,8;AB003C000D000E000F000G000
Jahr;2003;;;;;IMOP Österreich (o Wien) Preise Eigentumswohnungen gesamt,2000=100;Index;Weder saisonal noch um Arbeitstage bereinigt;Österreich;Insgesamt;Standard, in Einheiten;104,7;AB003C000D000E000F000G001
Jahr;2003;;;;;IMOP Österreich (o Wien) Preise für neue Eigentumswohnungen, 2000=100;Index;Weder saisonal noch um Arbeitstage bereinigt;Österreich;Insgesamt;Standard, in Einheiten;102,0;AB003C000D000E000F000G002
Jahr;2003;;;;;IMOP Österreich (o Wien) Preise gebrauchte Eigentumswohnungen,2000=100;Index;Weder saisonal noch um Arbeitstage bereinigt;Österreich;Insgesamt;Standard, in Einheiten;105,1;AB003C000D000E000F000G003
Jahr;2003;;;;;Immobilienpreisindex Wien, 2000=100;Index;Weder saisonal noch um Arbeitstage bereinigt;Österreich;Insgesamt;Standard, in Einheiten;98,4;AB003C000D000E000F001
Jahr;2003;;;;;IMOP Wien, Preise für Einfamilienhäuser, 2000=100;Index;Weder saisonal noch um Arbeitstage bereinigt;Österreich;Insgesamt;Standard, in Einheiten;102,2;AB003C000D000E000F001G000
Jahr;2003;;;;;IMOP Wien, Preise für Eigentumswohnungen gesamt, 2000=100;Index;Weder saisonal noch um Arbeitstage bereinigt;Österreich;Insgesamt;Standard, in Einheiten;98,1;AB003C000D000E000F001G001
Jahr;2003;;;;;IMOP Wien, Preise für neue Eigentumswohnungen, 2000=100;Index;Weder saisonal noch um Arbeitstage bereinigt;Österreich;Insgesamt;Standard, in Einheiten;103,8;AB003C000D000E000F001G002
Jahr;2003;;;;;IMOP Wien, Preise für gebrauchte Eigentumswohnungen, 2000=100;Index;Weder saisonal noch um Arbeitstage bereinigt;Österreich;Insgesamt;Standard, in Einheiten;97,1;AB003C000D000E000F001G003
Jahr;2003;;;;;Österreich -Wohnimmobilienpreisindex 00=100 Hedon.Reggr.Modell VRzVJ%;Prozent;Weder saisonal noch um Arbeitstage bereinigt;Österreich;Insgesamt;Standard, in Einheiten;0,3;AB004C006
Jahr;2003;;;;;Immobilienpreisindex Wien, Veränderung z.Vorjahr in %, Index 2000=100;Prozent;Weder saisonal noch um Arbeitstage bereinigt;Österreich;Insgesamt;Standard, in Einheiten;0,0;AB004C006D000
Jahr;2003;;;;;IMOP Wien, Preise für Einfamilienhäuser, 2000=100 VerVJ%;Index;Weder saisonal noch um Arbeitstage bereinigt;Österreich;Insgesamt;Standard, in Einheiten;-0,3;AB004C006D001
Jahr;2003;;;;;IMOP Wien, Preise für Eigentumswohnungen gesamt, 2000=100 VerVJ%;Index;Weder saisonal noch um Arbeitstage bereinigt;Österreich;Insgesamt;Standard, in Einheiten;0,0;AB004C006D002
Jahr;2003;;;;;IMOP Wien, Preise für neue Eigentumswohnungen, 2000=100 VerVJ%;Index;Weder saisonal noch um Arbeitstage bereinigt;Österreich;Insgesamt;Standard, in Einheiten;0,0;AB004C006D003
Jahr;2003;;;;;IMOP Wien, Preise für gebrauchte Eigentumswohnungen, 2000=100 VerVJ%;Index;Weder saisonal noch um Arbeitstage bereinigt;Österreich;Insgesamt;Standard, in Einheiten;0,0;AB004C006D004
Jahr;2003;;;;;Immobilienpreisindex Österreich ohne Wien, Ver. z.Vorj. in %  2000=100;Prozent;Weder saisonal noch um Arbeitstage bereinigt;Österreich;Insgesamt;Standard, in Einheiten;0,4;AB004C006D005
Jahr;2003;;;;;IMOP Österreich (o Wien) Preise f Einfamilienhäuser, 2000=100 VerVJ%;Prozent;Weder saisonal noch um Arbeitstage bereinigt;Österreich;Insgesamt;Standard, in Einheiten;0,1;AB004C006D006
Jahr;2003;;;;;IMOP Österreich (o Wien)Preise Eigentumswohnungen gesamt,00=100 VerVJ%;Index;Weder saisonal noch um Arbeitstage bereinigt;Österreich;Insgesamt;Standard, in Einheiten;0,5;AB004C006D007
Jahr;2003;;;;;IMOP Österreich (o Wien) Preise neue Eigentumswohnungen, 00=100 VerVJ%;Index;Weder saisonal noch um Arbeitstage bereinigt;Österreich;Insgesamt;Standard, in Einheiten;0,2;AB004C006D008
Jahr;2003;;;;;IMOP Österreich (o Wien) Preise gebrauchte Eigentumswohn,00=100 VerVJ%;Index;Weder saisonal noch um Arbeitstage bereinigt;Österreich;Insgesamt;Standard, in Einheiten;0,5;AB004C006D009
Jahr;2004;;;;;Österreich -Wohnimmobilienpreisindex 2000=100 Hedon. Reggr.-Modell;Index;Weder saisonal noch um Arbeitstage bereinigt;Österreich;Insgesamt;Standard, in Einheiten;99,7;AB003C000D000E000
Jahr;2004;;;;;Immobilienpreisindex Österreich (ohne Wien), 2000=100;Index;Weder saisonal noch um Arbeitstage bereinigt;Österreich;Insgesamt;Standard, in Einheiten;100,1;AB003C000D000E000F000
Jahr;2004;;;;;IMOP Österreich (ohne Wien) Preise für Einfamilienhäuser, 2000=100;Index;Weder saisonal noch um Arbeitstage bereinigt;Österreich;Insgesamt;Standard, in Einheiten;96,4;AB003C000D000E000F000G000
Jahr;2004;;;;;IMOP Österreich (o Wien) Preise Eigentumswohnungen gesamt,2000=100;Index;Weder saisonal noch um Arbeitstage bereinigt;Österreich;Insgesamt;Standard, in Einheiten;101,6;AB003C000D000E000F000G001
Jahr;2004;;;;;IMOP Österreich (o Wien) Preise für neue Eigentumswohnungen, 2000=100;Index;Weder saisonal noch um Arbeitstage bereinigt;Österreich;Insgesamt;Standard, in Einheiten;101,2;AB003C000D000E000F000G002
Jahr;2004;;;;;IMOP Österreich (o Wien) Preise gebrauchte Eigentumswohnungen,2000=100;Index;Weder saisonal noch um Arbeitstage bereinigt;Österreich;Insgesamt;Standard, in Einheiten;101,7;AB003C000D000E000F000G003
Jahr;2004;;;;;Immobilienpreisindex Wien, 2000=100;Index;Weder saisonal noch um Arbeitstage bereinigt;Österreich;Insgesamt;Standard, in Einheiten;98,8;AB003C000D000E000F001
Jahr;2004;;;;;IMOP Wien, Preise für Einfamilienhäuser, 2000=100;Index;Weder saisonal noch um Arbeitstage bereinigt;Österreich;Insgesamt;Standard, in Einheiten;101,9;AB003C000D000E000F001G000
Jahr;2004;;;;;IMOP Wien, Preise für Eigentumswohnungen gesamt, 2000=100;Index;Weder saisonal noch um Arbeitstage bereinigt;Österreich;Insgesamt;Standard, in Einheiten;98,6;AB003C000D000E000F001G001
Jahr;2004;;;;;IMOP Wien, Preise für neue Eigentumswohnungen, 2000=100;Index;Weder saisonal noch um Arbeitstage bereinigt;Österreich;Insgesamt;Standard, in Einheiten;98,2;AB003C000D000E000F001G002
Jahr;2004;;;;;IMOP Wien, Preise für gebrauchte Eigentumswohnungen, 2000=100;Index;Weder saisonal noch um Arbeitstage bereinigt;Österreich;Insgesamt;Standard, in Einheiten;98,7;AB003C000D000E000F001G003
Jahr;2004;;;;;Österreich -Wohnimmobilienpreisindex 00=100 Hedon.Reggr.Modell VRzVJ%;Prozent;Weder saisonal noch um Arbeitstage bereinigt;Österreich;Insgesamt;Standard, in Einheiten;-1,9;AB004C006
Jahr;2004;;;;;Immobilienpreisindex Wien, Veränderung z.Vorjahr in %, Index 2000=100;Prozent;Weder saisonal noch um Arbeitstage bereinigt;Österreich;Insgesamt;Standard, in Einheiten;0,5;AB004C006D000
Jahr;2004;;;;;IMOP Wien, Preise für Einfamilienhäuser, 2000=100 VerVJ%;Index;Weder saisonal noch um Arbeitstage bereinigt;Österreich;Insgesamt;Standard, in Einheiten;-0,3;AB004C006D001
Jahr;2004;;;;;IMOP Wien, Preise für Eigentumswohnungen gesamt, 2000=100 VerVJ%;Index;Weder saisonal noch um Arbeitstage bereinigt;Österreich;Insgesamt;Standard, in Einheiten;0,5;AB004C006D002
Jahr;2004;;;;;IMOP Wien, Preise für neue Eigentumswohnungen, 2000=100 VerVJ%;Index;Weder saisonal noch um Arbeitstage bereinigt;Österreich;Insgesamt;Standard, in Einheiten;-5,4;AB004C006D003
Jahr;2004;;;;;IMOP Wien, Preise für gebrauchte Eigentumswohnungen, 2000=100 VerVJ%;Index;Weder saisonal noch um Arbeitstage bereinigt;Österreich;Insgesamt;Standard, in Einheiten;1,6;AB004C006D004
Jahr;2004;;;;;Immobilienpreisindex Österreich ohne Wien, Ver. z.Vorj. in %  2000=100;Prozent;Weder saisonal noch um Arbeitstage bereinigt;Österreich;Insgesamt;Standard, in Einheiten;-2,8;AB004C006D005
Jahr;2004;;;;;IMOP Österreich (o Wien) Preise f Einfamilienhäuser, 2000=100 VerVJ%;Prozent;Weder saisonal noch um Arbeitstage bereinigt;Österreich;Insgesamt;Standard, in Einheiten;-2,5;AB004C006D006
Jahr;2004;;;;;IMOP Österreich (o Wien)Preise Eigentumswohnungen gesamt,00=100 VerVJ%;Index;Weder saisonal noch um Arbeitstage bereinigt;Österreich;Insgesamt;Standard, in Einheiten;-2,9;AB004C006D007
Jahr;2004;;;;;IMOP Österreich (o Wien) Preise neue Eigentumswohnungen, 00=100 VerVJ%;Index;Weder saisonal noch um Arbeitstage bereinigt;Österreich;Insgesamt;Standard, in Einheiten;-0,8;AB004C006D008
Jahr;2004;;;;;IMOP Österreich (o Wien) Preise gebrauchte Eigentumswohn,00=100 VerVJ%;Index;Weder saisonal noch um Arbeitstage bereinigt;Österreich;Insgesamt;Standard, in Einheiten;-3,2;AB004C006D009
Jahr;2005;;;;;Österreich -Wohnimmobilienpreisindex 2000=100 Hedon. Reggr.-Modell;Index;Weder saisonal noch um Arbeitstage bereinigt;Österreich;Insgesamt;Standard, in Einheiten;104,7;AB003C000D000E000
Jahr;2005;;;;;Immobilienpreisindex Österreich (ohne Wien), 2000=100;Index;Weder saisonal noch um Arbeitstage bereinigt;Österreich;Insgesamt;Standard, in Einheiten;104,6;AB003C000D000E000F000
Jahr;2005;;;;;IMOP Österreich (ohne Wien) Preise für Einfamilienhäuser, 2000=100;Index;Weder saisonal noch um Arbeitstage bereinigt;Österreich;Insgesamt;Standard, in Einheiten;98,9;AB003C000D000E000F000G000
Jahr;2005;;;;;IMOP Österreich (o Wien) Preise Eigentumswohnungen gesamt,2000=100;Index;Weder saisonal noch um Arbeitstage bereinigt;Österreich;Insgesamt;Standard, in Einheiten;107,0;AB003C000D000E000F000G001
Jahr;2005;;;;;IMOP Österreich (o Wien) Preise für neue Eigentumswohnungen, 2000=100;Index;Weder saisonal noch um Arbeitstage bereinigt;Österreich;Insgesamt;Standard, in Einheiten;104,3;AB003C000D000E000F000G002
Jahr;2005;;;;;IMOP Österreich (o Wien) Preise gebrauchte Eigentumswohnungen,2000=100;Index;Weder saisonal noch um Arbeitstage bereinigt;Österreich;Insgesamt;Standard, in Einheiten;107,4;AB003C000D000E000F000G003
Jahr;2005;;;;;Immobilienpreisindex Wien, 2000=100;Index;Weder saisonal noch um Arbeitstage bereinigt;Österreich;Insgesamt;Standard, in Einheiten;105,0;AB003C000D000E000F001
Jahr;2005;;;;;IMOP Wien, Preise für Einfamilienhäuser, 2000=100;Index;Weder saisonal noch um Arbeitstage bereinigt;Österreich;Insgesamt;Standard, in Einheiten;108,8;AB003C000D000E000F001G000
Jahr;2005;;;;;IMOP Wien, Preise für Eigentumswohnungen gesamt, 2000=100;Index;Weder saisonal noch um Arbeitstage bereinigt;Österreich;Insgesamt;Standard, in Einheiten;104,7;AB003C000D000E000F001G001
Jahr;2005;;;;;IMOP Wien, Preise für neue Eigentumswohnungen, 2000=100;Index;Weder saisonal noch um Arbeitstage bereinigt;Österreich;Insgesamt;Standard, in Einheiten;102,8;AB003C000D000E000F001G002
Jahr;2005;;;;;IMOP Wien, Preise für gebrauchte Eigentumswohnungen, 2000=100;Index;Weder saisonal noch um Arbeitstage bereinigt;Österreich;Insgesamt;Standard, in Einheiten;105,0;AB003C000D000E000F001G003
Jahr;2005;;;;;Österreich -Wohnimmobilienpreisindex 00=100 Hedon.Reggr.Modell VRzVJ%;Prozent;Weder saisonal noch um Arbeitstage bereinigt;Österreich;Insgesamt;Standard, in Einheiten;5,0;AB004C006
Jahr;2005;;;;;Immobilienpreisindex Wien, Veränderung z.Vorjahr in %, Index 2000=100;Prozent;Weder saisonal noch um Arbeitstage bereinigt;Österreich;Insgesamt;Standard, in Einheiten;6,2;AB004C006D000
Jahr;2005;;;;;IMOP Wien, Preise für Einfamilienhäuser, 2000=100 VerVJ%;Index;Weder saisonal noch um Arbeitstage bereinigt;Österreich;Insgesamt;Standard, in Einheiten;6,7;AB004C006D001
Jahr;2005;;;;;IMOP Wien, Preise für Eigentumswohnungen gesamt, 2000=100 VerVJ%;Index;Weder saisonal noch um Arbeitstage bereinigt;Österreich;Insgesamt;Standard, in Einheiten;6,2;AB004C006D002
Jahr;2005;;;;;IMOP Wien, Preise für neue Eigentumswohnungen, 2000=100 VerVJ%;Index;Weder saisonal noch um Arbeitstage bereinigt;Österreich;Insgesamt;Standard, in Einheiten;4,7;AB004C006D003
Jahr;2005;;;;;IMOP Wien, Preise für gebrauchte Eigentumswohnungen, 2000=100 VerVJ%;Index;Weder saisonal noch um Arbeitstage bereinigt;Österreich;Insgesamt;Standard, in Einheiten;6,4;AB004C006D004
Jahr;2005;;;;;Immobilienpreisindex Österreich ohne Wien, Ver. z.Vorj. in %  2000=100;Prozent;Weder saisonal noch um Arbeitstage bereinigt;Österreich;Insgesamt;Standard, in Einheiten;4,5;AB004C006D005
Jahr;2005;;;;;IMOP Österreich (o Wien) Preise f Einfamilienhäuser, 2000=100 VerVJ%;Prozent;Weder saisonal noch um Arbeitstage bereinigt;Österreich;Insgesamt;Standard, in Einheiten;2,7;AB004C006D006
Jahr;2005;;;;;IMOP Österreich (o Wien)Preise Eigentumswohnungen gesamt,00=100 VerVJ%;Index;Weder saisonal noch um Arbeitstage bereinigt;Österreich;Insgesamt;Standard, in Einheiten;5,3;AB004C006D007
Jahr;2005;;;;;IMOP Österreich (o Wien) Preise neue Eigentumswohnungen, 00=100 VerVJ%;Index;Weder saisonal noch um Arbeitstage bereinigt;Österreich;Insgesamt;Standard, in Einheiten;3,0;AB004C006D008
Jahr;2005;;;;;IMOP Österreich (o Wien) Preise gebrauchte Eigentumswohn,00=100 VerVJ%;Index;Weder saisonal noch um Arbeitstage bereinigt;Österreich;Insgesamt;Standard, in Einheiten;5,6;AB004C006D009
Jahr;2006;;;;;Österreich -Wohnimmobilienpreisindex 2000=100 Hedon. Reggr.-Modell;Index;Weder saisonal noch um Arbeitstage bereinigt;Österreich;Insgesamt;Standard, in Einheiten;109,0;AB003C000D000E000
Jahr;2006;;;;;Immobilienpreisindex Österreich (ohne Wien), 2000=100;Index;Weder saisonal noch um Arbeitstage bereinigt;Österreich;Insgesamt;Standard, in Einheiten;107,4;AB003C000D000E000F000
Jahr;2006;;;;;IMOP Österreich (ohne Wien) Preise für Einfamilienhäuser, 2000=100;Index;Weder saisonal noch um Arbeitstage bereinigt;Österreich;Insgesamt;Standard, in Einheiten;99,4;AB003C000D000E000F000G000
Jahr;2006;;;;;IMOP Österreich (o Wien) Preise Eigentumswohnungen gesamt,2000=100;Index;Weder saisonal noch um Arbeitstage bereinigt;Österreich;Insgesamt;Standard, in Einheiten;110,8;AB003C000D000E000F000G001
Jahr;2006;;;;;IMOP Österreich (o Wien) Preise für neue Eigentumswohnungen, 2000=100;Index;Weder saisonal noch um Arbeitstage bereinigt;Österreich;Insgesamt;Standard, in Einheiten;108,5;AB003C000D000E000F000G002
Jahr;2006;;;;;IMOP Österreich (o Wien) Preise gebrauchte Eigentumswohnungen,2000=100;Index;Weder saisonal noch um Arbeitstage bereinigt;Österreich;Insgesamt;Standard, in Einheiten;111,1;AB003C000D000E000F000G003
Jahr;2006;;;;;Immobilienpreisindex Wien, 2000=100;Index;Weder saisonal noch um Arbeitstage bereinigt;Österreich;Insgesamt;Standard, in Einheiten;113,4;AB003C000D000E000F001
Jahr;2006;;;;;IMOP Wien, Preise für Einfamilienhäuser, 2000=100;Index;Weder saisonal noch um Arbeitstage bereinigt;Österreich;Insgesamt;Standard, in Einheiten;110,7;AB003C000D000E000F001G000
Jahr;2006;;;;;IMOP Wien, Preise für Eigentumswohnungen gesamt, 2000=100;Index;Weder saisonal noch um Arbeitstage bereinigt;Österreich;Insgesamt;Standard, in Einheiten;113,6;AB003C000D000E000F001G001
Jahr;2006;;;;;IMOP Wien, Preise für neue Eigentumswohnungen, 2000=100;Index;Weder saisonal noch um Arbeitstage bereinigt;Österreich;Insgesamt;Standard, in Einheiten;115,4;AB003C000D000E000F001G002
Jahr;2006;;;;;IMOP Wien, Preise für gebrauchte Eigentumswohnungen, 2000=100;Index;Weder saisonal noch um Arbeitstage bereinigt;Österreich;Insgesamt;Standard, in Einheiten;113,3;AB003C000D000E000F001G003
Jahr;2006;;;;;Österreich -Wohnimmobilienpreisindex 00=100 Hedon.Reggr.Modell VRzVJ%;Prozent;Weder saisonal noch um Arbeitstage bereinigt;Österreich;Insgesamt;Standard, in Einheiten;4,1;AB004C006
Jahr;2006;;;;;Immobilienpreisindex Wien, Veränderung z.Vorjahr in %, Index 2000=100;Prozent;Weder saisonal noch um Arbeitstage bereinigt;Österreich;Insgesamt;Standard, in Einheiten;8,0;AB004C006D000
Jahr;2006;;;;;IMOP Wien, Preise für Einfamilienhäuser, 2000=100 VerVJ%;Index;Weder saisonal noch um Arbeitstage bereinigt;Österreich;Insgesamt;Standard, in Einheiten;1,7;AB004C006D001
Jahr;2006;;;;;IMOP Wien, Preise für Eigentumswohnungen gesamt, 2000=100 VerVJ%;Index;Weder saisonal noch um Arbeitstage bereinigt;Österreich;Insgesamt;Standard, in Einheiten;8,5;AB004C006D002
Jahr;2006;;;;;IMOP Wien, Preise für neue Eigentumswohnungen, 2000=100 VerVJ%;Index;Weder saisonal noch um Arbeitstage bereinigt;Österreich;Insgesamt;Standard, in Einheiten;12,2;AB004C006D003
Jahr;2006;;;;;IMOP Wien, Preise für gebrauchte Eigentumswohnungen, 2000=100 VerVJ%;Index;Weder saisonal noch um Arbeitstage bereinigt;Österreich;Insgesamt;Standard, in Einheiten;7,9;AB004C006D004
Jahr;2006;;;;;Immobilienpreisindex Österreich ohne Wien, Ver. z.Vorj. in %  2000=100;Prozent;Weder saisonal noch um Arbeitstage bereinigt;Österreich;Insgesamt;Standard, in Einheiten;2,7;AB004C006D005
Jahr;2006;;;;;IMOP Österreich (o Wien) Preise f Einfamilienhäuser, 2000=100 VerVJ%;Prozent;Weder saisonal noch um Arbeitstage bereinigt;Österreich;Insgesamt;Standard, in Einheiten;0,5;AB004C006D006
Jahr;2006;;;;;IMOP Österreich (o Wien)Preise Eigentumswohnungen gesamt,00=100 VerVJ%;Index;Weder saisonal noch um Arbeitstage bereinigt;Österreich;Insgesamt;Standard, in Einheiten;3,5;AB004C006D007
Jahr;2006;;;;;IMOP Österreich (o Wien) Preise neue Eigentumswohnungen, 00=100 VerVJ%;Index;Weder saisonal noch um Arbeitstage bereinigt;Österreich;Insgesamt;Standard, in Einheiten;4,1;AB004C006D008
Jahr;2006;;;;;IMOP Österreich (o Wien) Preise gebrauchte Eigentumswohn,00=100 VerVJ%;Index;Weder saisonal noch um Arbeitstage bereinigt;Österreich;Insgesamt;Standard, in Einheiten;3,5;AB004C006D009
Jahr;2007;;;;;Österreich -Wohnimmobilienpreisindex 2000=100 Hedon. Reggr.-Modell;Index;Weder saisonal noch um Arbeitstage bereinigt;Österreich;Insgesamt;Standard, in Einheiten;114,1;AB003C000D000E000
Jahr;2007;;;;;Immobilienpreisindex Österreich (ohne Wien), 2000=100;Index;Weder saisonal noch um Arbeitstage bereinigt;Österreich;Insgesamt;Standard, in Einheiten;112,3;AB003C000D000E000F000
Jahr;2007;;;;;IMOP Österreich (ohne Wien) Preise für Einfamilienhäuser, 2000=100;Index;Weder saisonal noch um Arbeitstage bereinigt;Österreich;Insgesamt;Standard, in Einheiten;109,5;AB003C000D000E000F000G000
Jahr;2007;;;;;IMOP Österreich (o Wien) Preise Eigentumswohnungen gesamt,2000=100;Index;Weder saisonal noch um Arbeitstage bereinigt;Österreich;Insgesamt;Standard, in Einheiten;113,5;AB003C000D000E000F000G001
Jahr;2007;;;;;IMOP Österreich (o Wien) Preise für neue Eigentumswohnungen, 2000=100;Index;Weder saisonal noch um Arbeitstage bereinigt;Österreich;Insgesamt;Standard, in Einheiten;116,2;AB003C000D000E000F000G002
Jahr;2007;;;;;IMOP Österreich (o Wien) Preise gebrauchte Eigentumswohnungen,2000=100;Index;Weder saisonal noch um Arbeitstage bereinigt;Österreich;Insgesamt;Standard, in Einheiten;113,1;AB003C000D000E000F000G003
Jahr;2007;;;;;Immobilienpreisindex Wien, 2000=100;Index;Weder saisonal noch um Arbeitstage bereinigt;Österreich;Insgesamt;Standard, in Einheiten;119,2;AB003C000D000E000F001
Jahr;2007;;;;;IMOP Wien, Preise für Einfamilienhäuser, 2000=100;Index;Weder saisonal noch um Arbeitstage bereinigt;Österreich;Insgesamt;Standard, in Einheiten;125,9;AB003C000D000E000F001G000
Jahr;2007;;;;;IMOP Wien, Preise für Eigentumswohnungen gesamt, 2000=100;Index;Weder saisonal noch um Arbeitstage bereinigt;Österreich;Insgesamt;Standard, in Einheiten;118,7;AB003C000D000E000F001G001
Jahr;2007;;;;;IMOP Wien, Preise für neue Eigentumswohnungen, 2000=100;Index;Weder saisonal noch um Arbeitstage bereinigt;Österreich;Insgesamt;Standard, in Einheiten;114,1;AB003C000D000E000F001G002
Jahr;2007;;;;;IMOP Wien, Preise für gebrauchte Eigentumswohnungen, 2000=100;Index;Weder saisonal noch um Arbeitstage bereinigt;Österreich;Insgesamt;Standard, in Einheiten;119,5;AB003C000D000E000F001G003
Jahr;2007;;;;;Österreich -Wohnimmobilienpreisindex 00=100 Hedon.Reggr.Modell VRzVJ%;Prozent;Weder saisonal noch um Arbeitstage bereinigt;Österreich;Insgesamt;Standard, in Einheiten;4,7;AB004C006
Jahr;2007;;;;;Immobilienpreisindex Wien, Veränderung z.Vorjahr in %, Index 2000=100;Prozent;Weder saisonal noch um Arbeitstage bereinigt;Österreich;Insgesamt;Standard, in Einheiten;5,1;AB004C006D000
Jahr;2007;;;;;IMOP Wien, Preise für Einfamilienhäuser, 2000=100 VerVJ%;Index;Weder saisonal noch um Arbeitstage bereinigt;Österreich;Insgesamt;Standard, in Einheiten;13,8;AB004C006D001
Jahr;2007;;;;;IMOP Wien, Preise für Eigentumswohnungen gesamt, 2000=100 VerVJ%;Index;Weder saisonal noch um Arbeitstage bereinigt;Österreich;Insgesamt;Standard, in Einheiten;4,5;AB004C006D002
Jahr;2007;;;;;IMOP Wien, Preise für neue Eigentumswohnungen, 2000=100 VerVJ%;Index;Weder saisonal noch um Arbeitstage bereinigt;Österreich;Insgesamt;Standard, in Einheiten;-1,1;AB004C006D003
Jahr;2007;;;;;IMOP Wien, Preise für gebrauchte Eigentumswohnungen, 2000=100 VerVJ%;Index;Weder saisonal noch um Arbeitstage bereinigt;Österreich;Insgesamt;Standard, in Einheiten;5,4;AB004C006D004
Jahr;2007;;;;;Immobilienpreisindex Österreich ohne Wien, Ver. z.Vorj. in %  2000=100;Prozent;Weder saisonal noch um Arbeitstage bereinigt;Österreich;Insgesamt;Standard, in Einheiten;4,5;AB004C006D005
Jahr;2007;;;;;IMOP Österreich (o Wien) Preise f Einfamilienhäuser, 2000=100 VerVJ%;Prozent;Weder saisonal noch um Arbeitstage bereinigt;Österreich;Insgesamt;Standard, in Einheiten;10,1;AB004C006D006
Jahr;2007;;;;;IMOP Österreich (o Wien)Preise Eigentumswohnungen gesamt,00=100 VerVJ%;Index;Weder saisonal noch um Arbeitstage bereinigt;Österreich;Insgesamt;Standard, in Einheiten;2,4;AB004C006D007
Jahr;2007;;;;;IMOP Österreich (o Wien) Preise neue Eigentumswohnungen, 00=100 VerVJ%;Index;Weder saisonal noch um Arbeitstage bereinigt;Österreich;Insgesamt;Standard, in Einheiten;7,0;AB004C006D008
Jahr;2007;;;;;IMOP Österreich (o Wien) Preise gebrauchte Eigentumswohn,00=100 VerVJ%;Index;Weder saisonal noch um Arbeitstage bereinigt;Österreich;Insgesamt;Standard, in Einheiten;1,7;AB004C006D009
Jahr;2008;;;;;Österreich -Wohnimmobilienpreisindex 2000=100 Hedon. Reggr.-Modell;Index;Weder saisonal noch um Arbeitstage bereinigt;Österreich;Insgesamt;Standard, in Einheiten;115,4;AB003C000D000E000
Jahr;2008;;;;;Immobilienpreisindex Österreich (ohne Wien), 2000=100;Index;Weder saisonal noch um Arbeitstage bereinigt;Österreich;Insgesamt;Standard, in Einheiten;111,6;AB003C000D000E000F000
Jahr;2008;;;;;IMOP Österreich (ohne Wien) Preise für Einfamilienhäuser, 2000=100;Index;Weder saisonal noch um Arbeitstage bereinigt;Österreich;Insgesamt;Standard, in Einheiten;106,5;AB003C000D000E000F000G000
Jahr;2008;;;;;IMOP Österreich (o Wien) Preise Eigentumswohnungen gesamt,2000=100;Index;Weder saisonal noch um Arbeitstage bereinigt;Österreich;Insgesamt;Standard, in Einheiten;113,8;AB003C000D000E000F000G001
Jahr;2008;;;;;IMOP Österreich (o Wien) Preise für neue Eigentumswohnungen, 2000=100;Index;Weder saisonal noch um Arbeitstage bereinigt;Österreich;Insgesamt;Standard, in Einheiten;120,3;AB003C000D000E000F000G002
Jahr;2008;;;;;IMOP Österreich (o Wien) Preise gebrauchte Eigentumswohnungen,2000=100;Index;Weder saisonal noch um Arbeitstage bereinigt;Österreich;Insgesamt;Standard, in Einheiten;112,9;AB003C000D000E000F000G003
Jahr;2008;;;;;Immobilienpreisindex Wien, 2000=100;Index;Weder saisonal noch um Arbeitstage bereinigt;Österreich;Insgesamt;Standard, in Einheiten;125,5;AB003C000D000E000F001
Jahr;2008;;;;;IMOP Wien, Preise für Einfamilienhäuser, 2000=100;Index;Weder saisonal noch um Arbeitstage bereinigt;Österreich;Insgesamt;Standard, in Einheiten;142,2;AB003C000D000E000F001G000
Jahr;2008;;;;;IMOP Wien, Preise für Eigentumswohnungen gesamt, 2000=100;Index;Weder saisonal noch um Arbeitstage bereinigt;Österreich;Insgesamt;Standard, in Einheiten;124,2;AB003C000D000E000F001G001
Jahr;2008;;;;;IMOP Wien, Preise für neue Eigentumswohnungen, 2000=100;Index;Weder saisonal noch um Arbeitstage bereinigt;Österreich;Insgesamt;Standard, in Einheiten;124,8;AB003C000D000E000F001G002
Jahr;2008;;;;;IMOP Wien, Preise für gebrauchte Eigentumswohnungen, 2000=100;Index;Weder saisonal noch um Arbeitstage bereinigt;Österreich;Insgesamt;Standard, in Einheiten;124,1;AB003C000D000E000F001G003
Jahr;2008;;;;;Österreich -Wohnimmobilienpreisindex 00=100 Hedon.Reggr.Modell VRzVJ%;Prozent;Weder saisonal noch um Arbeitstage bereinigt;Österreich;Insgesamt;Standard, in Einheiten;1,1;AB004C006
Jahr;2008;;;;;Immobilienpreisindex Wien, Veränderung z.Vorjahr in %, Index 2000=100;Prozent;Weder saisonal noch um Arbeitstage bereinigt;Österreich;Insgesamt;Standard, in Einheiten;5,3;AB004C006D000
Jahr;2008;;;;;IMOP Wien, Preise für Einfamilienhäuser, 2000=100 VerVJ%;Index;Weder saisonal noch um Arbeitstage bereinigt;Österreich;Insgesamt;Standard, in Einheiten;12,9;AB004C006D001
Jahr;2008;;;;;IMOP Wien, Preise für Eigentumswohnungen gesamt, 2000=100 VerVJ%;Index;Weder saisonal noch um Arbeitstage bereinigt;Österreich;Insgesamt;Standard, in Einheiten;4,7;AB004C006D002
Jahr;2008;;;;;IMOP Wien, Preise für neue Eigentumswohnungen, 2000=100 VerVJ%;Index;Weder saisonal noch um Arbeitstage bereinigt;Österreich;Insgesamt;Standard, in Einheiten;9,3;AB004C006D003
Jahr;2008;;;;;IMOP Wien, Preise für gebrauchte Eigentumswohnungen, 2000=100 VerVJ%;Index;Weder saisonal noch um Arbeitstage bereinigt;Österreich;Insgesamt;Standard, in Einheiten;3,9;AB004C006D004
Jahr;2008;;;;;Immobilienpreisindex Österreich ohne Wien, Ver. z.Vorj. in %  2000=100;Prozent;Weder saisonal noch um Arbeitstage bereinigt;Österreich;Insgesamt;Standard, in Einheiten;-0,6;AB004C006D005
Jahr;2008;;;;;IMOP Österreich (o Wien) Preise f Einfamilienhäuser, 2000=100 VerVJ%;Prozent;Weder saisonal noch um Arbeitstage bereinigt;Österreich;Insgesamt;Standard, in Einheiten;-2,7;AB004C006D006
Jahr;2008;;;;;IMOP Österreich (o Wien)Preise Eigentumswohnungen gesamt,00=100 VerVJ%;Index;Weder saisonal noch um Arbeitstage bereinigt;Österreich;Insgesamt;Standard, in Einheiten;0,3;AB004C006D007
Jahr;2008;;;;;IMOP Österreich (o Wien) Preise neue Eigentumswohnungen, 00=100 VerVJ%;Index;Weder saisonal noch um Arbeitstage bereinigt;Österreich;Insgesamt;Standard, in Einheiten;3,5;AB004C006D008
Jahr;2008;;;;;IMOP Österreich (o Wien) Preise gebrauchte Eigentumswohn,00=100 VerVJ%;Index;Weder saisonal noch um Arbeitstage bereinigt;Österreich;Insgesamt;Standard, in Einheiten;-0,2;AB004C006D009
Jahr;2009;;;;;Österreich -Wohnimmobilienpreisindex 2000=100 Hedon. Reggr.-Modell;Index;Weder saisonal noch um Arbeitstage bereinigt;Österreich;Insgesamt;Standard, in Einheiten;119,8;AB003C000D000E000
Jahr;2009;;;;;Immobilienpreisindex Österreich (ohne Wien), 2000=100;Index;Weder saisonal noch um Arbeitstage bereinigt;Österreich;Insgesamt;Standard, in Einheiten;114,8;AB003C000D000E000F000
Jahr;2009;;;;;IMOP Österreich (ohne Wien) Preise für Einfamilienhäuser, 2000=100;Index;Weder saisonal noch um Arbeitstage bereinigt;Österreich;Insgesamt;Standard, in Einheiten;108,2;AB003C000D000E000F000G000
Jahr;2009;;;;;IMOP Österreich (o Wien) Preise Eigentumswohnungen gesamt,2000=100;Index;Weder saisonal noch um Arbeitstage bereinigt;Österreich;Insgesamt;Standard, in Einheiten;117,6;AB003C000D000E000F000G001
Jahr;2009;;;;;IMOP Österreich (o Wien) Preise für neue Eigentumswohnungen, 2000=100;Index;Weder saisonal noch um Arbeitstage bereinigt;Österreich;Insgesamt;Standard, in Einheiten;121,0;AB003C000D000E000F000G002
Jahr;2009;;;;;IMOP Österreich (o Wien) Preise gebrauchte Eigentumswohnungen,2000=100;Index;Weder saisonal noch um Arbeitstage bereinigt;Österreich;Insgesamt;Standard, in Einheiten;117,1;AB003C000D000E000F000G003
Jahr;2009;;;;;Immobilienpreisindex Wien, 2000=100;Index;Weder saisonal noch um Arbeitstage bereinigt;Österreich;Insgesamt;Standard, in Einheiten;133,5;AB003C000D000E000F001
Jahr;2009;;;;;IMOP Wien, Preise für Einfamilienhäuser, 2000=100;Index;Weder saisonal noch um Arbeitstage bereinigt;Österreich;Insgesamt;Standard, in Einheiten;147,8;AB003C000D000E000F001G000
Jahr;2009;;;;;IMOP Wien, Preise für Eigentumswohnungen gesamt, 2000=100;Index;Weder saisonal noch um Arbeitstage bereinigt;Österreich;Insgesamt;Standard, in Einheiten;132,4;AB003C000D000E000F001G001
Jahr;2009;;;;;IMOP Wien, Preise für neue Eigentumswohnungen, 2000=100;Index;Weder saisonal noch um Arbeitstage bereinigt;Österreich;Insgesamt;Standard, in Einheiten;124,3;AB003C000D000E000F001G002
Jahr;2009;;;;;IMOP Wien, Preise für gebrauchte Eigentumswohnungen, 2000=100;Index;Weder saisonal noch um Arbeitstage bereinigt;Österreich;Insgesamt;Standard, in Einheiten;133,8;AB003C000D000E000F001G003
Jahr;2009;;;;;Österreich -Wohnimmobilienpreisindex 00=100 Hedon.Reggr.Modell VRzVJ%;Prozent;Weder saisonal noch um Arbeitstage bereinigt;Österreich;Insgesamt;Standard, in Einheiten;3,9;AB004C006
Jahr;2009;;;;;Immobilienpreisindex Wien, Veränderung z.Vorjahr in %, Index 2000=100;Prozent;Weder saisonal noch um Arbeitstage bereinigt;Österreich;Insgesamt;Standard, in Einheiten;6,4;AB004C006D000
Jahr;2009;;;;;IMOP Wien, Preise für Einfamilienhäuser, 2000=100 VerVJ%;Index;Weder saisonal noch um Arbeitstage bereinigt;Österreich;Insgesamt;Standard, in Einheiten;3,9;AB004C006D001
Jahr;2009;;;;;IMOP Wien, Preise für Eigentumswohnungen gesamt, 2000=100 VerVJ%;Index;Weder saisonal noch um Arbeitstage bereinigt;Österreich;Insgesamt;Standard, in Einheiten;6,6;AB004C006D002
Jahr;2009;;;;;IMOP Wien, Preise für neue Eigentumswohnungen, 2000=100 VerVJ%;Index;Weder saisonal noch um Arbeitstage bereinigt;Österreich;Insgesamt;Standard, in Einheiten;-0,3;AB004C006D003
Jahr;2009;;;;;IMOP Wien, Preise für gebrauchte Eigentumswohnungen, 2000=100 VerVJ%;Index;Weder saisonal noch um Arbeitstage bereinigt;Österreich;Insgesamt;Standard, in Einheiten;7,7;AB004C006D004
Jahr;2009;;;;;Immobilienpreisindex Österreich ohne Wien, Ver. z.Vorj. in %  2000=100;Prozent;Weder saisonal noch um Arbeitstage bereinigt;Österreich;Insgesamt;Standard, in Einheiten;2,9;AB004C006D005
Jahr;2009;;;;;IMOP Österreich (o Wien) Preise f Einfamilienhäuser, 2000=100 VerVJ%;Prozent;Weder saisonal noch um Arbeitstage bereinigt;Österreich;Insgesamt;Standard, in Einheiten;1,6;AB004C006D006
Jahr;2009;;;;;IMOP Österreich (o Wien)Preise Eigentumswohnungen gesamt,00=100 VerVJ%;Index;Weder saisonal noch um Arbeitstage bereinigt;Österreich;Insgesamt;Standard, in Einheiten;3,4;AB004C006D007
Jahr;2009;;;;;IMOP Österreich (o Wien) Preise neue Eigentumswohnungen, 00=100 VerVJ%;Index;Weder saisonal noch um Arbeitstage bereinigt;Österreich;Insgesamt;Standard, in Einheiten;0,6;AB004C006D008
Jahr;2009;;;;;IMOP Österreich (o Wien) Preise gebrauchte Eigentumswohn,00=100 VerVJ%;Index;Weder saisonal noch um Arbeitstage bereinigt;Österreich;Insgesamt;Standard, in Einheiten;3,8;AB004C006D009
Jahr;2010;;;;;Österreich -Wohnimmobilienpreisindex 2000=100 Hedon. Reggr.-Modell;Index;Weder saisonal noch um Arbeitstage bereinigt;Österreich;Insgesamt;Standard, in Einheiten;127,3;AB003C000D000E000
Jahr;2010;;;;;Immobilienpreisindex Österreich (ohne Wien), 2000=100;Index;Weder saisonal noch um Arbeitstage bereinigt;Österreich;Insgesamt;Standard, in Einheiten;121,1;AB003C000D000E000F000
Jahr;2010;;;;;IMOP Österreich (ohne Wien) Preise für Einfamilienhäuser, 2000=100;Index;Weder saisonal noch um Arbeitstage bereinigt;Österreich;Insgesamt;Standard, in Einheiten;116,4;AB003C000D000E000F000G000
Jahr;2010;;;;;IMOP Österreich (o Wien) Preise Eigentumswohnungen gesamt,2000=100;Index;Weder saisonal noch um Arbeitstage bereinigt;Österreich;Insgesamt;Standard, in Einheiten;123,2;AB003C000D000E000F000G001
Jahr;2010;;;;;IMOP Österreich (o Wien) Preise für neue Eigentumswohnungen, 2000=100;Index;Weder saisonal noch um Arbeitstage bereinigt;Österreich;Insgesamt;Standard, in Einheiten;125,6;AB003C000D000E000F000G002
Jahr;2010;;;;;IMOP Österreich (o Wien) Preise gebrauchte Eigentumswohnungen,2000=100;Index;Weder saisonal noch um Arbeitstage bereinigt;Österreich;Insgesamt;Standard, in Einheiten;122,9;AB003C000D000E000F000G003
Jahr;2010;;;;;Immobilienpreisindex Wien, 2000=100;Index;Weder saisonal noch um Arbeitstage bereinigt;Österreich;Insgesamt;Standard, in Einheiten;143,9;AB003C000D000E000F001
Jahr;2010;;;;;IMOP Wien, Preise für Einfamilienhäuser, 2000=100;Index;Weder saisonal noch um Arbeitstage bereinigt;Österreich;Insgesamt;Standard, in Einheiten;163,2;AB003C000D000E000F001G000
Jahr;2010;;;;;IMOP Wien, Preise für Eigentumswohnungen gesamt, 2000=100;Index;Weder saisonal noch um Arbeitstage bereinigt;Österreich;Insgesamt;Standard, in Einheiten;142,4;AB003C000D000E000F001G001
Jahr;2010;;;;;IMOP Wien, Preise für neue Eigentumswohnungen, 2000=100;Index;Weder saisonal noch um Arbeitstage bereinigt;Österreich;Insgesamt;Standard, in Einheiten;131,6;AB003C000D000E000F001G002
Jahr;2010;;;;;IMOP Wien, Preise für gebrauchte Eigentumswohnungen, 2000=100;Index;Weder saisonal noch um Arbeitstage bereinigt;Österreich;Insgesamt;Standard, in Einheiten;144,2;AB003C000D000E000F001G003
Jahr;2010;;;;;Österreich -Wohnimmobilienpreisindex 00=100 Hedon.Reggr.Modell VRzVJ%;Prozent;Weder saisonal noch um Arbeitstage bereinigt;Österreich;Insgesamt;Standard, in Einheiten;6,2;AB004C006
Jahr;2010;;;;;Immobilienpreisindex Wien, Veränderung z.Vorjahr in %, Index 2000=100;Prozent;Weder saisonal noch um Arbeitstage bereinigt;Österreich;Insgesamt;Standard, in Einheiten;7,8;AB004C006D000
Jahr;2010;;;;;IMOP Wien, Preise für Einfamilienhäuser, 2000=100 VerVJ%;Index;Weder saisonal noch um Arbeitstage bereinigt;Österreich;Insgesamt;Standard, in Einheiten;10,5;AB004C006D001
Jahr;2010;;;;;IMOP Wien, Preise für Eigentumswohnungen gesamt, 2000=100 VerVJ%;Index;Weder saisonal noch um Arbeitstage bereinigt;Österreich;Insgesamt;Standard, in Einheiten;7,6;AB004C006D002
Jahr;2010;;;;;IMOP Wien, Preise für neue Eigentumswohnungen, 2000=100 VerVJ%;Index;Weder saisonal noch um Arbeitstage bereinigt;Österreich;Insgesamt;Standard, in Einheiten;5,9;AB004C006D003
Jahr;2010;;;;;IMOP Wien, Preise für gebrauchte Eigentumswohnungen, 2000=100 VerVJ%;Index;Weder saisonal noch um Arbeitstage bereinigt;Österreich;Insgesamt;Standard, in Einheiten;7,8;AB004C006D004
Jahr;2010;;;;;Immobilienpreisindex Österreich ohne Wien, Ver. z.Vorj. in %  2000=100;Prozent;Weder saisonal noch um Arbeitstage bereinigt;Österreich;Insgesamt;Standard, in Einheiten;5,5;AB004C006D005
Jahr;2010;;;;;IMOP Österreich (o Wien) Preise f Einfamilienhäuser, 2000=100 VerVJ%;Prozent;Weder saisonal noch um Arbeitstage bereinigt;Österreich;Insgesamt;Standard, in Einheiten;7,5;AB004C006D006
Jahr;2010;;;;;IMOP Österreich (o Wien)Preise Eigentumswohnungen gesamt,00=100 VerVJ%;Index;Weder saisonal noch um Arbeitstage bereinigt;Österreich;Insgesamt;Standard, in Einheiten;4,7;AB004C006D007
Jahr;2010;;;;;IMOP Österreich (o Wien) Preise neue Eigentumswohnungen, 00=100 VerVJ%;Index;Weder saisonal noch um Arbeitstage bereinigt;Österreich;Insgesamt;Standard, in Einheiten;3,8;AB004C006D008
Jahr;2010;;;;;IMOP Österreich (o Wien) Preise gebrauchte Eigentumswohn,00=100 VerVJ%;Index;Weder saisonal noch um Arbeitstage bereinigt;Österreich;Insgesamt;Standard, in Einheiten;4,9;AB004C006D009
Jahr;2011;;;;;Österreich -Wohnimmobilienpreisindex 2000=100 Hedon. Reggr.-Modell;Index;Weder saisonal noch um Arbeitstage bereinigt;Österreich;Insgesamt;Standard, in Einheiten;132,7;AB003C000D000E000
Jahr;2011;;;;;Immobilienpreisindex Österreich (ohne Wien), 2000=100;Index;Weder saisonal noch um Arbeitstage bereinigt;Österreich;Insgesamt;Standard, in Einheiten;124,0;AB003C000D000E000F000
Jahr;2011;;;;;IMOP Österreich (ohne Wien) Preise für Einfamilienhäuser, 2000=100;Index;Weder saisonal noch um Arbeitstage bereinigt;Österreich;Insgesamt;Standard, in Einheiten;112,4;AB003C000D000E000F000G000
Jahr;2011;;;;;IMOP Österreich (o Wien) Preise Eigentumswohnungen gesamt,2000=100;Index;Weder saisonal noch um Arbeitstage bereinigt;Österreich;Insgesamt;Standard, in Einheiten;128,9;AB003C000D000E000F000G001
Jahr;2011;;;;;IMOP Österreich (o Wien) Preise für neue Eigentumswohnungen, 2000=100;Index;Weder saisonal noch um Arbeitstage bereinigt;Österreich;Insgesamt;Standard, in Einheiten;121,2;AB003C000D000E000F000G002
Jahr;2011;;;;;IMOP Österreich (o Wien) Preise gebrauchte Eigentumswohnungen,2000=100;Index;Weder saisonal noch um Arbeitstage bereinigt;Österreich;Insgesamt;Standard, in Einheiten;130,0;AB003C000D000E000F000G003
Jahr;2011;;;;;Immobilienpreisindex Wien, 2000=100;Index;Weder saisonal noch um Arbeitstage bereinigt;Österreich;Insgesamt;Standard, in Einheiten;156,1;AB003C000D000E000F001
Jahr;2011;;;;;IMOP Wien, Preise für Einfamilienhäuser, 2000=100;Index;Weder saisonal noch um Arbeitstage bereinigt;Österreich;Insgesamt;Standard, in Einheiten;165,5;AB003C000D000E000F001G000
Jahr;2011;;;;;IMOP Wien, Preise für Eigentumswohnungen gesamt, 2000=100;Index;Weder saisonal noch um Arbeitstage bereinigt;Österreich;Insgesamt;Standard, in Einheiten;155,4;AB003C000D000E000F001G001
Jahr;2011;;;;;IMOP Wien, Preise für neue Eigentumswohnungen, 2000=100;Index;Weder saisonal noch um Arbeitstage bereinigt;Österreich;Insgesamt;Standard, in Einheiten;144,5;AB003C000D000E000F001G002
Jahr;2011;;;;;IMOP Wien, Preise für gebrauchte Eigentumswohnungen, 2000=100;Index;Weder saisonal noch um Arbeitstage bereinigt;Österreich;Insgesamt;Standard, in Einheiten;157,3;AB003C000D000E000F001G003
Jahr;2011;;;;;Österreich -Wohnimmobilienpreisindex 00=100 Hedon.Reggr.Modell VRzVJ%;Prozent;Weder saisonal noch um Arbeitstage bereinigt;Österreich;Insgesamt;Standard, in Einheiten;4,2;AB004C006
Jahr;2011;;;;;Immobilienpreisindex Wien, Veränderung z.Vorjahr in %, Index 2000=100;Prozent;Weder saisonal noch um Arbeitstage bereinigt;Österreich;Insgesamt;Standard, in Einheiten;8,5;AB004C006D000
Jahr;2011;;;;;IMOP Wien, Preise für Einfamilienhäuser, 2000=100 VerVJ%;Index;Weder saisonal noch um Arbeitstage bereinigt;Österreich;Insgesamt;Standard, in Einheiten;1,4;AB004C006D001
Jahr;2011;;;;;IMOP Wien, Preise für Eigentumswohnungen gesamt, 2000=100 VerVJ%;Index;Weder saisonal noch um Arbeitstage bereinigt;Österreich;Insgesamt;Standard, in Einheiten;9,1;AB004C006D002
Jahr;2011;;;;;IMOP Wien, Preise für neue Eigentumswohnungen, 2000=100 VerVJ%;Index;Weder saisonal noch um Arbeitstage bereinigt;Österreich;Insgesamt;Standard, in Einheiten;9,8;AB004C006D003
Jahr;2011;;;;;IMOP Wien, Preise für gebrauchte Eigentumswohnungen, 2000=100 VerVJ%;Index;Weder saisonal noch um Arbeitstage bereinigt;Österreich;Insgesamt;Standard, in Einheiten;9,0;AB004C006D004
Jahr;2011;;;;;Immobilienpreisindex Österreich ohne Wien, Ver. z.Vorj. in %  2000=100;Prozent;Weder saisonal noch um Arbeitstage bereinigt;Österreich;Insgesamt;Standard, in Einheiten;2,3;AB004C006D005
Jahr;2011;;;;;IMOP Österreich (o Wien) Preise f Einfamilienhäuser, 2000=100 VerVJ%;Prozent;Weder saisonal noch um Arbeitstage bereinigt;Österreich;Insgesamt;Standard, in Einheiten;-3,4;AB004C006D006
Jahr;2011;;;;;IMOP Österreich (o Wien)Preise Eigentumswohnungen gesamt,00=100 VerVJ%;Index;Weder saisonal noch um Arbeitstage bereinigt;Österreich;Insgesamt;Standard, in Einheiten;4,6;AB004C006D007
Jahr;2011;;;;;IMOP Österreich (o Wien) Preise neue Eigentumswohnungen, 00=100 VerVJ%;Index;Weder saisonal noch um Arbeitstage bereinigt;Österreich;Insgesamt;Standard, in Einheiten;-3,5;AB004C006D008
Jahr;2011;;;;;IMOP Österreich (o Wien) Preise gebrauchte Eigentumswohn,00=100 VerVJ%;Index;Weder saisonal noch um Arbeitstage bereinigt;Österreich;Insgesamt;Standard, in Einheiten;5,9;AB004C006D009
Jahr;2012;;;;;Österreich -Wohnimmobilienpreisindex 2000=100 Hedon. Reggr.-Modell;Index;Weder saisonal noch um Arbeitstage bereinigt;Österreich;Insgesamt;Standard, in Einheiten;149,1;AB003C000D000E000
Jahr;2012;;;;;Immobilienpreisindex Österreich (ohne Wien), 2000=100;Index;Weder saisonal noch um Arbeitstage bereinigt;Österreich;Insgesamt;Standard, in Einheiten;137,4;AB003C000D000E000F000
Jahr;2012;;;;;IMOP Österreich (ohne Wien) Preise für Einfamilienhäuser, 2000=100;Index;Weder saisonal noch um Arbeitstage bereinigt;Österreich;Insgesamt;Standard, in Einheiten;122,1;AB003C000D000E000F000G000
Jahr;2012;;;;;IMOP Österreich (o Wien) Preise Eigentumswohnungen gesamt,2000=100;Index;Weder saisonal noch um Arbeitstage bereinigt;Österreich;Insgesamt;Standard, in Einheiten;143,9;AB003C000D000E000F000G001
Jahr;2012;;;;;IMOP Österreich (o Wien) Preise für neue Eigentumswohnungen, 2000=100;Index;Weder saisonal noch um Arbeitstage bereinigt;Österreich;Insgesamt;Standard, in Einheiten;123,9;AB003C000D000E000F000G002
Jahr;2012;;;;;IMOP Österreich (o Wien) Preise gebrauchte Eigentumswohnungen,2000=100;Index;Weder saisonal noch um Arbeitstage bereinigt;Österreich;Insgesamt;Standard, in Einheiten;146,8;AB003C000D000E000F000G003
Jahr;2012;;;;;Immobilienpreisindex Wien, 2000=100;Index;Weder saisonal noch um Arbeitstage bereinigt;Österreich;Insgesamt;Standard, in Einheiten;180,7;AB003C000D000E000F001
Jahr;2012;;;;;IMOP Wien, Preise für Einfamilienhäuser, 2000=100;Index;Weder saisonal noch um Arbeitstage bereinigt;Österreich;Insgesamt;Standard, in Einheiten;171,3;AB003C000D000E000F001G000
Jahr;2012;;;;;IMOP Wien, Preise für Eigentumswohnungen gesamt, 2000=100;Index;Weder saisonal noch um Arbeitstage bereinigt;Österreich;Insgesamt;Standard, in Einheiten;181,4;AB003C000D000E000F001G001
Jahr;2012;;;;;IMOP Wien, Preise für neue Eigentumswohnungen, 2000=100;Index;Weder saisonal noch um Arbeitstage bereinigt;Österreich;Insgesamt;Standard, in Einheiten;154,6;AB003C000D000E000F001G002
Jahr;2012;;;;;IMOP Wien, Preise für gebrauchte Eigentumswohnungen, 2000=100;Index;Weder saisonal noch um Arbeitstage bereinigt;Österreich;Insgesamt;Standard, in Einheiten;185,9;AB003C000D000E000F001G003
Jahr;2012;;;;;Österreich -Wohnimmobilienpreisindex 00=100 Hedon.Reggr.Modell VRzVJ%;Prozent;Weder saisonal noch um Arbeitstage bereinigt;Österreich;Insgesamt;Standard, in Einheiten;12,4;AB004C006
Jahr;2012;;;;;Immobilienpreisindex Wien, Veränderung z.Vorjahr in %, Index 2000=100;Prozent;Weder saisonal noch um Arbeitstage bereinigt;Österreich;Insgesamt;Standard, in Einheiten;15,7;AB004C006D000
Jahr;2012;;;;;IMOP Wien, Preise für Einfamilienhäuser, 2000=100 VerVJ%;Index;Weder saisonal noch um Arbeitstage bereinigt;Österreich;Insgesamt;Standard, in Einheiten;3,5;AB004C006D001
Jahr;2012;;;;;IMOP Wien, Preise für Eigentumswohnungen gesamt, 2000=100 VerVJ%;Index;Weder saisonal noch um Arbeitstage bereinigt;Österreich;Insgesamt;Standard, in Einheiten;16,7;AB004C006D002
Jahr;2012;;;;;IMOP Wien, Preise für neue Eigentumswohnungen, 2000=100 VerVJ%;Index;Weder saisonal noch um Arbeitstage bereinigt;Österreich;Insgesamt;Standard, in Einheiten;7,0;AB004C006D003
Jahr;2012;;;;;IMOP Wien, Preise für gebrauchte Eigentumswohnungen, 2000=100 VerVJ%;Index;Weder saisonal noch um Arbeitstage bereinigt;Österreich;Insgesamt;Standard, in Einheiten;18,2;AB004C006D004
Jahr;2012;;;;;Immobilienpreisindex Österreich ohne Wien, Ver. z.Vorj. in %  2000=100;Prozent;Weder saisonal noch um Arbeitstage bereinigt;Österreich;Insgesamt;Standard, in Einheiten;10,8;AB004C006D005
Jahr;2012;;;;;IMOP Österreich (o Wien) Preise f Einfamilienhäuser, 2000=100 VerVJ%;Prozent;Weder saisonal noch um Arbeitstage bereinigt;Österreich;Insgesamt;Standard, in Einheiten;8,7;AB004C006D006
Jahr;2012;;;;;IMOP Österreich (o Wien)Preise Eigentumswohnungen gesamt,00=100 VerVJ%;Index;Weder saisonal noch um Arbeitstage bereinigt;Österreich;Insgesamt;Standard, in Einheiten;11,6;AB004C006D007
Jahr;2012;;;;;IMOP Österreich (o Wien) Preise neue Eigentumswohnungen, 00=100 VerVJ%;Index;Weder saisonal noch um Arbeitstage bereinigt;Österreich;Insgesamt;Standard, in Einheiten;2,2;AB004C006D008
Jahr;2012;;;;;IMOP Österreich (o Wien) Preise gebrauchte Eigentumswohn,00=100 VerVJ%;Index;Weder saisonal noch um Arbeitstage bereinigt;Österreich;Insgesamt;Standard, in Einheiten;12,9;AB004C006D009
Jahr;2013;;;;;Österreich -Wohnimmobilienpreisindex 2000=100 Hedon. Reggr.-Modell;Index;Weder saisonal noch um Arbeitstage bereinigt;Österreich;Insgesamt;Standard, in Einheiten;156,0;AB003C000D000E000
Jahr;2013;;;;;Immobilienpreisindex Österreich (ohne Wien), 2000=100;Index;Weder saisonal noch um Arbeitstage bereinigt;Österreich;Insgesamt;Standard, in Einheiten;141,1;AB003C000D000E000F000
Jahr;2013;;;;;IMOP Österreich (ohne Wien) Preise für Einfamilienhäuser, 2000=100;Index;Weder saisonal noch um Arbeitstage bereinigt;Österreich;Insgesamt;Standard, in Einheiten;123,5;AB003C000D000E000F000G000
Jahr;2013;;;;;IMOP Österreich (o Wien) Preise Eigentumswohnungen gesamt,2000=100;Index;Weder saisonal noch um Arbeitstage bereinigt;Österreich;Insgesamt;Standard, in Einheiten;148,6;AB003C000D000E000F000G001
Jahr;2013;;;;;IMOP Österreich (o Wien) Preise für neue Eigentumswohnungen, 2000=100;Index;Weder saisonal noch um Arbeitstage bereinigt;Österreich;Insgesamt;Standard, in Einheiten;126,6;AB003C000D000E000F000G002
Jahr;2013;;;;;IMOP Österreich (o Wien) Preise gebrauchte Eigentumswohnungen,2000=100;Index;Weder saisonal noch um Arbeitstage bereinigt;Österreich;Insgesamt;Standard, in Einheiten;151,8;AB003C000D000E000F000G003
Jahr;2013;;;;;Immobilienpreisindex Wien, 2000=100;Index;Weder saisonal noch um Arbeitstage bereinigt;Österreich;Insgesamt;Standard, in Einheiten;196,3;AB003C000D000E000F001
Jahr;2013;;;;;IMOP Wien, Preise für Einfamilienhäuser, 2000=100;Index;Weder saisonal noch um Arbeitstage bereinigt;Österreich;Insgesamt;Standard, in Einheiten;176,3;AB003C000D000E000F001G000
Jahr;2013;;;;;IMOP Wien, Preise für Eigentumswohnungen gesamt, 2000=100;Index;Weder saisonal noch um Arbeitstage bereinigt;Österreich;Insgesamt;Standard, in Einheiten;197,8;AB003C000D000E000F001G001
Jahr;2013;;;;;IMOP Wien, Preise für neue Eigentumswohnungen, 2000=100;Index;Weder saisonal noch um Arbeitstage bereinigt;Österreich;Insgesamt;Standard, in Einheiten;160,3;AB003C000D000E000F001G002
Jahr;2013;;;;;IMOP Wien, Preise für gebrauchte Eigentumswohnungen, 2000=100;Index;Weder saisonal noch um Arbeitstage bereinigt;Österreich;Insgesamt;Standard, in Einheiten;204,2;AB003C000D000E000F001G003
Jahr;2013;;;;;Österreich -Wohnimmobilienpreisindex 00=100 Hedon.Reggr.Modell VRzVJ%;Prozent;Weder saisonal noch um Arbeitstage bereinigt;Österreich;Insgesamt;Standard, in Einheiten;4,7;AB004C006
Jahr;2013;;;;;Immobilienpreisindex Wien, Veränderung z.Vorjahr in %, Index 2000=100;Prozent;Weder saisonal noch um Arbeitstage bereinigt;Österreich;Insgesamt;Standard, in Einheiten;8,7;AB004C006D000
Jahr;2013;;;;;IMOP Wien, Preise für Einfamilienhäuser, 2000=100 VerVJ%;Index;Weder saisonal noch um Arbeitstage bereinigt;Österreich;Insgesamt;Standard, in Einheiten;2,9;AB004C006D001
Jahr;2013;;;;;IMOP Wien, Preise für Eigentumswohnungen gesamt, 2000=100 VerVJ%;Index;Weder saisonal noch um Arbeitstage bereinigt;Österreich;Insgesamt;Standard, in Einheiten;9,1;AB004C006D002
Jahr;2013;;;;;IMOP Wien, Preise für neue Eigentumswohnungen, 2000=100 VerVJ%;Index;Weder saisonal noch um Arbeitstage bereinigt;Österreich;Insgesamt;Standard, in Einheiten;3,7;AB004C006D003
Jahr;2013;;;;;IMOP Wien, Preise für gebrauchte Eigentumswohnungen, 2000=100 VerVJ%;Index;Weder saisonal noch um Arbeitstage bereinigt;Österreich;Insgesamt;Standard, in Einheiten;9,8;AB004C006D004
Jahr;2013;;;;;Immobilienpreisindex Österreich ohne Wien, Ver. z.Vorj. in %  2000=100;Prozent;Weder saisonal noch um Arbeitstage bereinigt;Österreich;Insgesamt;Standard, in Einheiten;2,7;AB004C006D005
Jahr;2013;;;;;IMOP Österreich (o Wien) Preise f Einfamilienhäuser, 2000=100 VerVJ%;Prozent;Weder saisonal noch um Arbeitstage bereinigt;Österreich;Insgesamt;Standard, in Einheiten;1,1;AB004C006D006
Jahr;2013;;;;;IMOP Österreich (o Wien)Preise Eigentumswohnungen gesamt,00=100 VerVJ%;Index;Weder saisonal noch um Arbeitstage bereinigt;Österreich;Insgesamt;Standard, in Einheiten;3,3;AB004C006D007
Jahr;2013;;;;;IMOP Österreich (o Wien) Preise neue Eigentumswohnungen, 00=100 VerVJ%;Index;Weder saisonal noch um Arbeitstage bereinigt;Österreich;Insgesamt;Standard, in Einheiten;2,2;AB004C006D008
Jahr;2013;;;;;IMOP Österreich (o Wien) Preise gebrauchte Eigentumswohn,00=100 VerVJ%;Index;Weder saisonal noch um Arbeitstage bereinigt;Österreich;Insgesamt;Standard, in Einheiten;3,4;AB004C006D009
Jahr;2014;;;;;Österreich -Wohnimmobilienpreisindex 2000=100 Hedon. Reggr.-Modell;Index;Weder saisonal noch um Arbeitstage bereinigt;Österreich;Insgesamt;Standard, in Einheiten;161,4;AB003C000D000E000
Jahr;2014;;;;;Immobilienpreisindex Österreich (ohne Wien), 2000=100;Index;Weder saisonal noch um Arbeitstage bereinigt;Österreich;Insgesamt;Standard, in Einheiten;145,4;AB003C000D000E000F000
Jahr;2014;;;;;IMOP Österreich (ohne Wien) Preise für Einfamilienhäuser, 2000=100;Index;Weder saisonal noch um Arbeitstage bereinigt;Österreich;Insgesamt;Standard, in Einheiten;131,4;AB003C000D000E000F000G000
Jahr;2014;;;;;IMOP Österreich (o Wien) Preise Eigentumswohnungen gesamt,2000=100;Index;Weder saisonal noch um Arbeitstage bereinigt;Österreich;Insgesamt;Standard, in Einheiten;151,4;AB003C000D000E000F000G001
Jahr;2014;;;;;IMOP Österreich (o Wien) Preise für neue Eigentumswohnungen, 2000=100;Index;Weder saisonal noch um Arbeitstage bereinigt;Österreich;Insgesamt;Standard, in Einheiten;112,4;AB003C000D000E000F000G002
Jahr;2014;;;;;IMOP Österreich (o Wien) Preise gebrauchte Eigentumswohnungen,2000=100;Index;Weder saisonal noch um Arbeitstage bereinigt;Österreich;Insgesamt;Standard, in Einheiten;157,1;AB003C000D000E000F000G003
Jahr;2014;;;;;Immobilienpreisindex Wien, 2000=100;Index;Weder saisonal noch um Arbeitstage bereinigt;Österreich;Insgesamt;Standard, in Einheiten;204,6;AB003C000D000E000F001
Jahr;2014;;;;;IMOP Wien, Preise für Einfamilienhäuser, 2000=100;Index;Weder saisonal noch um Arbeitstage bereinigt;Österreich;Insgesamt;Standard, in Einheiten;170,5;AB003C000D000E000F001G000
Jahr;2014;;;;;IMOP Wien, Preise für Eigentumswohnungen gesamt, 2000=100;Index;Weder saisonal noch um Arbeitstage bereinigt;Österreich;Insgesamt;Standard, in Einheiten;207,2;AB003C000D000E000F001G001
Jahr;2014;;;;;IMOP Wien, Preise für neue Eigentumswohnungen, 2000=100;Index;Weder saisonal noch um Arbeitstage bereinigt;Österreich;Insgesamt;Standard, in Einheiten;161,9;AB003C000D000E000F001G002
Jahr;2014;;;;;IMOP Wien, Preise für gebrauchte Eigentumswohnungen, 2000=100;Index;Weder saisonal noch um Arbeitstage bereinigt;Österreich;Insgesamt;Standard, in Einheiten;214,9;AB003C000D000E000F001G003
Jahr;2014;;;;;Österreich -Wohnimmobilienpreisindex 00=100 Hedon.Reggr.Modell VRzVJ%;Prozent;Weder saisonal noch um Arbeitstage bereinigt;Österreich;Insgesamt;Standard, in Einheiten;3,5;AB004C006
Jahr;2014;;;;;Immobilienpreisindex Wien, Veränderung z.Vorjahr in %, Index 2000=100;Prozent;Weder saisonal noch um Arbeitstage bereinigt;Österreich;Insgesamt;Standard, in Einheiten;4,2;AB004C006D000
Jahr;2014;;;;;IMOP Wien, Preise für Einfamilienhäuser, 2000=100 VerVJ%;Index;Weder saisonal noch um Arbeitstage bereinigt;Österreich;Insgesamt;Standard, in Einheiten;-3,3;AB004C006D001
Jahr;2014;;;;;IMOP Wien, Preise für Eigentumswohnungen gesamt, 2000=100 VerVJ%;Index;Weder saisonal noch um Arbeitstage bereinigt;Österreich;Insgesamt;Standard, in Einheiten;4,7;AB004C006D002
Jahr;2014;;;;;IMOP Wien, Preise für neue Eigentumswohnungen, 2000=100 VerVJ%;Index;Weder saisonal noch um Arbeitstage bereinigt;Österreich;Insgesamt;Standard, in Einheiten;1,0;AB004C006D003
Jahr;2014;;;;;IMOP Wien, Preise für gebrauchte Eigentumswohnungen, 2000=100 VerVJ%;Index;Weder saisonal noch um Arbeitstage bereinigt;Österreich;Insgesamt;Standard, in Einheiten;5,2;AB004C006D004
Jahr;2014;;;;;Immobilienpreisindex Österreich ohne Wien, Ver. z.Vorj. in %  2000=100;Prozent;Weder saisonal noch um Arbeitstage bereinigt;Österreich;Insgesamt;Standard, in Einheiten;3,1;AB004C006D005
Jahr;2014;;;;;IMOP Österreich (o Wien) Preise f Einfamilienhäuser, 2000=100 VerVJ%;Prozent;Weder saisonal noch um Arbeitstage bereinigt;Österreich;Insgesamt;Standard, in Einheiten;6,4;AB004C006D006
Jahr;2014;;;;;IMOP Österreich (o Wien)Preise Eigentumswohnungen gesamt,00=100 VerVJ%;Index;Weder saisonal noch um Arbeitstage bereinigt;Österreich;Insgesamt;Standard, in Einheiten;1,9;AB004C006D007
Jahr;2014;;;;;IMOP Österreich (o Wien) Preise neue Eigentumswohnungen, 00=100 VerVJ%;Index;Weder saisonal noch um Arbeitstage bereinigt;Österreich;Insgesamt;Standard, in Einheiten;-11,2;AB004C006D008
Jahr;2014;;;;;IMOP Österreich (o Wien) Preise gebrauchte Eigentumswohn,00=100 VerVJ%;Index;Weder saisonal noch um Arbeitstage bereinigt;Österreich;Insgesamt;Standard, in Einheiten;3,5;AB004C006D009
Jahr;2015;;;;;Österreich -Wohnimmobilienpreisindex 2000=100 Hedon. Reggr.-Modell;Index;Weder saisonal noch um Arbeitstage bereinigt;Österreich;Insgesamt;Standard, in Einheiten;168,1;AB003C000D000E000
Jahr;2015;;;;;Immobilienpreisindex Österreich (ohne Wien), 2000=100;Index;Weder saisonal noch um Arbeitstage bereinigt;Österreich;Insgesamt;Standard, in Einheiten;152,9;AB003C000D000E000F000
Jahr;2015;;;;;IMOP Österreich (ohne Wien) Preise für Einfamilienhäuser, 2000=100;Index;Weder saisonal noch um Arbeitstage bereinigt;Österreich;Insgesamt;Standard, in Einheiten;140,3;AB003C000D000E000F000G000
Jahr;2015;;;;;IMOP Österreich (o Wien) Preise Eigentumswohnungen gesamt,2000=100;Index;Weder saisonal noch um Arbeitstage bereinigt;Österreich;Insgesamt;Standard, in Einheiten;158,2;AB003C000D000E000F000G001
Jahr;2015;;;;;IMOP Österreich (o Wien) Preise für neue Eigentumswohnungen, 2000=100;Index;Weder saisonal noch um Arbeitstage bereinigt;Österreich;Insgesamt;Standard, in Einheiten;112,8;AB003C000D000E000F000G002
Jahr;2015;;;;;IMOP Österreich (o Wien) Preise gebrauchte Eigentumswohnungen,2000=100;Index;Weder saisonal noch um Arbeitstage bereinigt;Österreich;Insgesamt;Standard, in Einheiten;164,8;AB003C000D000E000F000G003
Jahr;2015;;;;;Immobilienpreisindex Wien, 2000=100;Index;Weder saisonal noch um Arbeitstage bereinigt;Österreich;Insgesamt;Standard, in Einheiten;209,2;AB003C000D000E000F001
Jahr;2015;;;;;IMOP Wien, Preise für Einfamilienhäuser, 2000=100;Index;Weder saisonal noch um Arbeitstage bereinigt;Österreich;Insgesamt;Standard, in Einheiten;174,9;AB003C000D000E000F001G000
Jahr;2015;;;;;IMOP Wien, Preise für Eigentumswohnungen gesamt, 2000=100;Index;Weder saisonal noch um Arbeitstage bereinigt;Österreich;Insgesamt;Standard, in Einheiten;211,8;AB003C000D000E000F001G001
Jahr;2015;;;;;IMOP Wien, Preise für neue Eigentumswohnungen, 2000=100;Index;Weder saisonal noch um Arbeitstage bereinigt;Österreich;Insgesamt;Standard, in Einheiten;169,6;AB003C000D000E000F001G002
Jahr;2015;;;;;IMOP Wien, Preise für gebrauchte Eigentumswohnungen, 2000=100;Index;Weder saisonal noch um Arbeitstage bereinigt;Österreich;Insgesamt;Standard, in Einheiten;218,9;AB003C000D000E000F001G003
Jahr;2015;;;;;Österreich -Wohnimmobilienpreisindex 00=100 Hedon.Reggr.Modell VRzVJ%;Prozent;Weder saisonal noch um Arbeitstage bereinigt;Österreich;Insgesamt;Standard, in Einheiten;4,1;AB004C006
Jahr;2015;;;;;Immobilienpreisindex Wien, Veränderung z.Vorjahr in %, Index 2000=100;Prozent;Weder saisonal noch um Arbeitstage bereinigt;Österreich;Insgesamt;Standard, in Einheiten;2,2;AB004C006D000
Jahr;2015;;;;;IMOP Wien, Preise für Einfamilienhäuser, 2000=100 VerVJ%;Index;Weder saisonal noch um Arbeitstage bereinigt;Österreich;Insgesamt;Standard, in Einheiten;2,6;AB004C006D001
Jahr;2015;;;;;IMOP Wien, Preise für Eigentumswohnungen gesamt, 2000=100 VerVJ%;Index;Weder saisonal noch um Arbeitstage bereinigt;Österreich;Insgesamt;Standard, in Einheiten;2,2;AB004C006D002
Jahr;2015;;;;;IMOP Wien, Preise für neue Eigentumswohnungen, 2000=100 VerVJ%;Index;Weder saisonal noch um Arbeitstage bereinigt;Österreich;Insgesamt;Standard, in Einheiten;4,7;AB004C006D003
Jahr;2015;;;;;IMOP Wien, Preise für gebrauchte Eigentumswohnungen, 2000=100 VerVJ%;Index;Weder saisonal noch um Arbeitstage bereinigt;Österreich;Insgesamt;Standard, in Einheiten;1,9;AB004C006D004
Jahr;2015;;;;;Immobilienpreisindex Österreich ohne Wien, Ver. z.Vorj. in %  2000=100;Prozent;Weder saisonal noch um Arbeitstage bereinigt;Österreich;Insgesamt;Standard, in Einheiten;5,1;AB004C006D005
Jahr;2015;;;;;IMOP Österreich (o Wien) Preise f Einfamilienhäuser, 2000=100 VerVJ%;Prozent;Weder saisonal noch um Arbeitstage bereinigt;Österreich;Insgesamt;Standard, in Einheiten;6,8;AB004C006D006
Jahr;2015;;;;;IMOP Österreich (o Wien)Preise Eigentumswohnungen gesamt,00=100 VerVJ%;Index;Weder saisonal noch um Arbeitstage bereinigt;Österreich;Insgesamt;Standard, in Einheiten;4,5;AB004C006D007
Jahr;2015;;;;;IMOP Österreich (o Wien) Preise neue Eigentumswohnungen, 00=100 VerVJ%;Index;Weder saisonal noch um Arbeitstage bereinigt;Österreich;Insgesamt;Standard, in Einheiten;0,4;AB004C006D008
Jahr;2015;;;;;IMOP Österreich (o Wien) Preise gebrauchte Eigentumswohn,00=100 VerVJ%;Index;Weder saisonal noch um Arbeitstage bereinigt;Österreich;Insgesamt;Standard, in Einheiten;4,9;AB004C006D009
Jahr;2016;;;;;Österreich -Wohnimmobilienpreisindex 2000=100 Hedon. Reggr.-Modell;Index;Weder saisonal noch um Arbeitstage bereinigt;Österreich;Insgesamt;Standard, in Einheiten;180,4;AB003C000D000E000
Jahr;2016;;;;;Immobilienpreisindex Österreich (ohne Wien), 2000=100;Index;Weder saisonal noch um Arbeitstage bereinigt;Österreich;Insgesamt;Standard, in Einheiten;166,7;AB003C000D000E000F000
Jahr;2016;;;;;IMOP Österreich (ohne Wien) Preise für Einfamilienhäuser, 2000=100;Index;Weder saisonal noch um Arbeitstage bereinigt;Österreich;Insgesamt;Standard, in Einheiten;150,9;AB003C000D000E000F000G000
Jahr;2016;;;;;IMOP Österreich (o Wien) Preise Eigentumswohnungen gesamt,2000=100;Index;Weder saisonal noch um Arbeitstage bereinigt;Österreich;Insgesamt;Standard, in Einheiten;173,5;AB003C000D000E000F000G001
Jahr;2016;;;;;IMOP Österreich (o Wien) Preise für neue Eigentumswohnungen, 2000=100;Index;Weder saisonal noch um Arbeitstage bereinigt;Österreich;Insgesamt;Standard, in Einheiten;121,8;AB003C000D000E000F000G002
Jahr;2016;;;;;IMOP Österreich (o Wien) Preise gebrauchte Eigentumswohnungen,2000=100;Index;Weder saisonal noch um Arbeitstage bereinigt;Österreich;Insgesamt;Standard, in Einheiten;181,0;AB003C000D000E000F000G003
Jahr;2016;;;;;Immobilienpreisindex Wien, 2000=100;Index;Weder saisonal noch um Arbeitstage bereinigt;Österreich;Insgesamt;Standard, in Einheiten;217,5;AB003C000D000E000F001
Jahr;2016;;;;;IMOP Wien, Preise für Einfamilienhäuser, 2000=100;Index;Weder saisonal noch um Arbeitstage bereinigt;Österreich;Insgesamt;Standard, in Einheiten;175,3;AB003C000D000E000F001G000
Jahr;2016;;;;;IMOP Wien, Preise für Eigentumswohnungen gesamt, 2000=100;Index;Weder saisonal noch um Arbeitstage bereinigt;Österreich;Insgesamt;Standard, in Einheiten;220,7;AB003C000D000E000F001G001
Jahr;2016;;;;;IMOP Wien, Preise für neue Eigentumswohnungen, 2000=100;Index;Weder saisonal noch um Arbeitstage bereinigt;Österreich;Insgesamt;Standard, in Einheiten;186,8;AB003C000D000E000F001G002
Jahr;2016;;;;;IMOP Wien, Preise für gebrauchte Eigentumswohnungen, 2000=100;Index;Weder saisonal noch um Arbeitstage bereinigt;Österreich;Insgesamt;Standard, in Einheiten;226,4;AB003C000D000E000F001G003
Jahr;2016;;;;;Österreich -Wohnimmobilienpreisindex 00=100 Hedon.Reggr.Modell VRzVJ%;Prozent;Weder saisonal noch um Arbeitstage bereinigt;Österreich;Insgesamt;Standard, in Einheiten;7,3;AB004C006
Jahr;2016;;;;;Immobilienpreisindex Wien, Veränderung z.Vorjahr in %, Index 2000=100;Prozent;Weder saisonal noch um Arbeitstage bereinigt;Österreich;Insgesamt;Standard, in Einheiten;3,8;AB004C006D000
Jahr;2016;;;;;IMOP Wien, Preise für Einfamilienhäuser, 2000=100 VerVJ%;Index;Weder saisonal noch um Arbeitstage bereinigt;Österreich;Insgesamt;Standard, in Einheiten;10,1;AB004C006D001
Jahr;2016;;;;;IMOP Wien, Preise für Eigentumswohnungen gesamt, 2000=100 VerVJ%;Index;Weder saisonal noch um Arbeitstage bereinigt;Österreich;Insgesamt;Standard, in Einheiten;3,4;AB004C006D002
Jahr;2016;;;;;IMOP Wien, Preise für neue Eigentumswohnungen, 2000=100 VerVJ%;Index;Weder saisonal noch um Arbeitstage bereinigt;Österreich;Insgesamt;Standard, in Einheiten;4,2;AB004C006D003
Jahr;2016;;;;;IMOP Wien, Preise für gebrauchte Eigentumswohnungen, 2000=100 VerVJ%;Index;Weder saisonal noch um Arbeitstage bereinigt;Österreich;Insgesamt;Standard, in Einheiten;-1,9;AB004C006D004
Jahr;2016;;;;;Immobilienpreisindex Österreich ohne Wien, Ver. z.Vorj. in %  2000=100;Prozent;Weder saisonal noch um Arbeitstage bereinigt;Österreich;Insgesamt;Standard, in Einheiten;9,1;AB004C006D005
Jahr;2016;;;;;IMOP Österreich (o Wien) Preise f Einfamilienhäuser, 2000=100 VerVJ%;Prozent;Weder saisonal noch um Arbeitstage bereinigt;Österreich;Insgesamt;Standard, in Einheiten;7,5;AB004C006D006
Jahr;2016;;;;;IMOP Österreich (o Wien)Preise Eigentumswohnungen gesamt,00=100 VerVJ%;Index;Weder saisonal noch um Arbeitstage bereinigt;Österreich;Insgesamt;Standard, in Einheiten;9,7;AB004C006D007
Jahr;2016;;;;;IMOP Österreich (o Wien) Preise neue Eigentumswohnungen, 00=100 VerVJ%;Index;Weder saisonal noch um Arbeitstage bereinigt;Österreich;Insgesamt;Standard, in Einheiten;7,9;AB004C006D008
Jahr;2016;;;;;IMOP Österreich (o Wien) Preise gebrauchte Eigentumswohn,00=100 VerVJ%;Index;Weder saisonal noch um Arbeitstage bereinigt;Österreich;Insgesamt;Standard, in Einheiten;9,8;AB004C006D009
Jahr;2017;;;;;Österreich -Wohnimmobilienpreisindex 2000=100 Hedon. Reggr.-Modell;Index;Weder saisonal noch um Arbeitstage bereinigt;Österreich;Insgesamt;Standard, in Einheiten;187,2;AB003C000D000E000
Jahr;2017;;;;;Immobilienpreisindex Österreich (ohne Wien), 2000=100;Index;Weder saisonal noch um Arbeitstage bereinigt;Österreich;Insgesamt;Standard, in Einheiten;174,9;AB003C000D000E000F000
Jahr;2017;;;;;IMOP Österreich (ohne Wien) Preise für Einfamilienhäuser, 2000=100;Index;Weder saisonal noch um Arbeitstage bereinigt;Österreich;Insgesamt;Standard, in Einheiten;153,8;AB003C000D000E000F000G000
Jahr;2017;;;;;IMOP Österreich (o Wien) Preise Eigentumswohnungen gesamt,2000=100;Index;Weder saisonal noch um Arbeitstage bereinigt;Österreich;Insgesamt;Standard, in Einheiten;183,5;AB003C000D000E000F000G001
Jahr;2017;;;;;IMOP Österreich (o Wien) Preise für neue Eigentumswohnungen, 2000=100;Index;Weder saisonal noch um Arbeitstage bereinigt;Österreich;Insgesamt;Standard, in Einheiten;124,3;AB003C000D000E000F000G002
Jahr;2017;;;;;IMOP Österreich (o Wien) Preise gebrauchte Eigentumswohnungen,2000=100;Index;Weder saisonal noch um Arbeitstage bereinigt;Österreich;Insgesamt;Standard, in Einheiten;191,8;AB003C000D000E000F000G003
Jahr;2017;;;;;Immobilienpreisindex Wien, 2000=100;Index;Weder saisonal noch um Arbeitstage bereinigt;Österreich;Insgesamt;Standard, in Einheiten;220,4;AB003C000D000E000F001
Jahr;2017;;;;;IMOP Wien, Preise für Einfamilienhäuser, 2000=100;Index;Weder saisonal noch um Arbeitstage bereinigt;Österreich;Insgesamt;Standard, in Einheiten;176,0;AB003C000D000E000F001G000
Jahr;2017;;;;;IMOP Wien, Preise für Eigentumswohnungen gesamt, 2000=100;Index;Weder saisonal noch um Arbeitstage bereinigt;Österreich;Insgesamt;Standard, in Einheiten;223,8;AB003C000D000E000F001G001
Jahr;2017;;;;;IMOP Wien, Preise für neue Eigentumswohnungen, 2000=100;Index;Weder saisonal noch um Arbeitstage bereinigt;Österreich;Insgesamt;Standard, in Einheiten;190,1;AB003C000D000E000F001G002
Jahr;2017;;;;;IMOP Wien, Preise für gebrauchte Eigentumswohnungen, 2000=100;Index;Weder saisonal noch um Arbeitstage bereinigt;Österreich;Insgesamt;Standard, in Einheiten;228,3;AB003C000D000E000F001G003
Jahr;2017;;;;;Österreich -Wohnimmobilienpreisindex 00=100 Hedon.Reggr.Modell VRzVJ%;Prozent;Weder saisonal noch um Arbeitstage bereinigt;Österreich;Insgesamt;Standard, in Einheiten;3,7;AB004C006
Jahr;2017;;;;;Immobilienpreisindex Wien, Veränderung z.Vorjahr in %, Index 2000=100;Prozent;Weder saisonal noch um Arbeitstage bereinigt;Österreich;Insgesamt;Standard, in Einheiten;1,4;AB004C006D000
Jahr;2017;;;;;IMOP Wien, Preise für Einfamilienhäuser, 2000=100 VerVJ%;Index;Weder saisonal noch um Arbeitstage bereinigt;Österreich;Insgesamt;Standard, in Einheiten;0,4;AB004C006D001
Jahr;2017;;;;;IMOP Wien, Preise für Eigentumswohnungen gesamt, 2000=100 VerVJ%;Index;Weder saisonal noch um Arbeitstage bereinigt;Österreich;Insgesamt;Standard, in Einheiten;1,4;AB004C006D002
Jahr;2017;;;;;IMOP Wien, Preise für neue Eigentumswohnungen, 2000=100 VerVJ%;Index;Weder saisonal noch um Arbeitstage bereinigt;Österreich;Insgesamt;Standard, in Einheiten;1,8;AB004C006D003
Jahr;2017;;;;;IMOP Wien, Preise für gebrauchte Eigentumswohnungen, 2000=100 VerVJ%;Index;Weder saisonal noch um Arbeitstage bereinigt;Österreich;Insgesamt;Standard, in Einheiten;0,8;AB004C006D004
Jahr;2017;;;;;Immobilienpreisindex Österreich ohne Wien, Ver. z.Vorj. in %  2000=100;Prozent;Weder saisonal noch um Arbeitstage bereinigt;Österreich;Insgesamt;Standard, in Einheiten;4,9;AB004C006D005
Jahr;2017;;;;;IMOP Österreich (o Wien) Preise f Einfamilienhäuser, 2000=100 VerVJ%;Prozent;Weder saisonal noch um Arbeitstage bereinigt;Österreich;Insgesamt;Standard, in Einheiten;1,9;AB004C006D006
Jahr;2017;;;;;IMOP Österreich (o Wien)Preise Eigentumswohnungen gesamt,00=100 VerVJ%;Index;Weder saisonal noch um Arbeitstage bereinigt;Österreich;Insgesamt;Standard, in Einheiten;5,8;AB004C006D007
Jahr;2017;;;;;IMOP Österreich (o Wien) Preise neue Eigentumswohnungen, 00=100 VerVJ%;Index;Weder saisonal noch um Arbeitstage bereinigt;Österreich;Insgesamt;Standard, in Einheiten;2,1;AB004C006D008
Jahr;2017;;;;;IMOP Österreich (o Wien) Preise gebrauchte Eigentumswohn,00=100 VerVJ%;Index;Weder saisonal noch um Arbeitstage bereinigt;Österreich;Insgesamt;Standard, in Einheiten;5,9;AB004C006D009
Jahr;2018;;;;;Österreich -Wohnimmobilienpreisindex 2000=100 Hedon. Reggr.-Modell;Index;Weder saisonal noch um Arbeitstage bereinigt;Österreich;Insgesamt;Standard, in Einheiten;200,1;AB003C000D000E000
Jahr;2018;;;;;Immobilienpreisindex Österreich (ohne Wien), 2000=100;Index;Weder saisonal noch um Arbeitstage bereinigt;Österreich;Insgesamt;Standard, in Einheiten;189,8;AB003C000D000E000F000
Jahr;2018;;;;;IMOP Österreich (ohne Wien) Preise für Einfamilienhäuser, 2000=100;Index;Weder saisonal noch um Arbeitstage bereinigt;Österreich;Insgesamt;Standard, in Einheiten;167,0;AB003C000D000E000F000G000
Jahr;2018;;;;;IMOP Österreich (o Wien) Preise Eigentumswohnungen gesamt,2000=100;Index;Weder saisonal noch um Arbeitstage bereinigt;Österreich;Insgesamt;Standard, in Einheiten;199,2;AB003C000D000E000F000G001
Jahr;2018;;;;;IMOP Österreich (o Wien) Preise für neue Eigentumswohnungen, 2000=100;Index;Weder saisonal noch um Arbeitstage bereinigt;Österreich;Insgesamt;Standard, in Einheiten;134,4;AB003C000D000E000F000G002
Jahr;2018;;;;;IMOP Österreich (o Wien) Preise gebrauchte Eigentumswohnungen,2000=100;Index;Weder saisonal noch um Arbeitstage bereinigt;Österreich;Insgesamt;Standard, in Einheiten;210,4;AB003C000D000E000F000G003
Jahr;2018;;;;;Immobilienpreisindex Wien, 2000=100;Index;Weder saisonal noch um Arbeitstage bereinigt;Österreich;Insgesamt;Standard, in Einheiten;232,0;AB003C000D000E000F001
Jahr;2018;;;;;IMOP Wien, Preise für Einfamilienhäuser, 2000=100;Index;Weder saisonal noch um Arbeitstage bereinigt;Österreich;Insgesamt;Standard, in Einheiten;177,6;AB003C000D000E000F001G000
Jahr;2018;;;;;IMOP Wien, Preise für Eigentumswohnungen gesamt, 2000=100;Index;Weder saisonal noch um Arbeitstage bereinigt;Österreich;Insgesamt;Standard, in Einheiten;236,0;AB003C000D000E000F001G001
Jahr;2018;;;;;IMOP Wien, Preise für neue Eigentumswohnungen, 2000=100;Index;Weder saisonal noch um Arbeitstage bereinigt;Österreich;Insgesamt;Standard, in Einheiten;200,3;AB003C000D000E000F001G002
Jahr;2018;;;;;IMOP Wien, Preise für gebrauchte Eigentumswohnungen, 2000=100;Index;Weder saisonal noch um Arbeitstage bereinigt;Österreich;Insgesamt;Standard, in Einheiten;242,9;AB003C000D000E000F001G003
Jahr;2018;;;;;Österreich -Wohnimmobilienpreisindex 00=100 Hedon.Reggr.Modell VRzVJ%;Prozent;Weder saisonal noch um Arbeitstage bereinigt;Österreich;Insgesamt;Standard, in Einheiten;6,9;AB004C006
Jahr;2018;;;;;Immobilienpreisindex Wien, Veränderung z.Vorjahr in %, Index 2000=100;Prozent;Weder saisonal noch um Arbeitstage bereinigt;Österreich;Insgesamt;Standard, in Einheiten;5,2;AB004C006D000
Jahr;2018;;;;;IMOP Wien, Preise für Einfamilienhäuser, 2000=100 VerVJ%;Index;Weder saisonal noch um Arbeitstage bereinigt;Österreich;Insgesamt;Standard, in Einheiten;0,9;AB004C006D001
Jahr;2018;;;;;IMOP Wien, Preise für Eigentumswohnungen gesamt, 2000=100 VerVJ%;Index;Weder saisonal noch um Arbeitstage bereinigt;Österreich;Insgesamt;Standard, in Einheiten;5,5;AB004C006D002
Jahr;2018;;;;;IMOP Wien, Preise für neue Eigentumswohnungen, 2000=100 VerVJ%;Index;Weder saisonal noch um Arbeitstage bereinigt;Österreich;Insgesamt;Standard, in Einheiten;5,3;AB004C006D003
Jahr;2018;;;;;IMOP Wien, Preise für gebrauchte Eigentumswohnungen, 2000=100 VerVJ%;Index;Weder saisonal noch um Arbeitstage bereinigt;Österreich;Insgesamt;Standard, in Einheiten;6,4;AB004C006D004
Jahr;2018;;;;;Immobilienpreisindex Österreich ohne Wien, Ver. z.Vorj. in %  2000=100;Prozent;Weder saisonal noch um Arbeitstage bereinigt;Österreich;Insgesamt;Standard, in Einheiten;8,5;AB004C006D005
Jahr;2018;;;;;IMOP Österreich (o Wien) Preise f Einfamilienhäuser, 2000=100 VerVJ%;Prozent;Weder saisonal noch um Arbeitstage bereinigt;Österreich;Insgesamt;Standard, in Einheiten;8,6;AB004C006D006
Jahr;2018;;;;;IMOP Österreich (o Wien)Preise Eigentumswohnungen gesamt,00=100 VerVJ%;Index;Weder saisonal noch um Arbeitstage bereinigt;Österreich;Insgesamt;Standard, in Einheiten;8,5;AB004C006D007
Jahr;2018;;;;;IMOP Österreich (o Wien) Preise neue Eigentumswohnungen, 00=100 VerVJ%;Index;Weder saisonal noch um Arbeitstage bereinigt;Österreich;Insgesamt;Standard, in Einheiten;8,1;AB004C006D008
Jahr;2018;;;;;IMOP Österreich (o Wien) Preise gebrauchte Eigentumswohn,00=100 VerVJ%;Index;Weder saisonal noch um Arbeitstage bereinigt;Österreich;Insgesamt;Standard, in Einheiten;9,7;AB004C006D009
Jahr;2019;;;;;Österreich -Wohnimmobilienpreisindex 2000=100 Hedon. Reggr.-Modell;Index;Weder saisonal noch um Arbeitstage bereinigt;Österreich;Insgesamt;Standard, in Einheiten;208,0;AB003C000D000E000
Jahr;2019;;;;;Immobilienpreisindex Österreich (ohne Wien), 2000=100;Index;Weder saisonal noch um Arbeitstage bereinigt;Österreich;Insgesamt;Standard, in Einheiten;194,8;AB003C000D000E000F000
Jahr;2019;;;;;IMOP Österreich (ohne Wien) Preise für Einfamilienhäuser, 2000=100;Index;Weder saisonal noch um Arbeitstage bereinigt;Österreich;Insgesamt;Standard, in Einheiten;170,3;AB003C000D000E000F000G000
Jahr;2019;;;;;IMOP Österreich (o Wien) Preise Eigentumswohnungen gesamt,2000=100;Index;Weder saisonal noch um Arbeitstage bereinigt;Österreich;Insgesamt;Standard, in Einheiten;204,9;AB003C000D000E000F000G001
Jahr;2019;;;;;IMOP Österreich (o Wien) Preise für neue Eigentumswohnungen, 2000=100;Index;Weder saisonal noch um Arbeitstage bereinigt;Österreich;Insgesamt;Standard, in Einheiten;137,5;AB003C000D000E000F000G002
Jahr;2019;;;;;IMOP Österreich (o Wien) Preise gebrauchte Eigentumswohnungen,2000=100;Index;Weder saisonal noch um Arbeitstage bereinigt;Österreich;Insgesamt;Standard, in Einheiten;217,6;AB003C000D000E000F000G003
Jahr;2019;;;;;Immobilienpreisindex Wien, 2000=100;Index;Weder saisonal noch um Arbeitstage bereinigt;Österreich;Insgesamt;Standard, in Einheiten;243,2;AB003C000D000E000F001
Jahr;2019;;;;;IMOP Wien, Preise für Einfamilienhäuser, 2000=100;Index;Weder saisonal noch um Arbeitstage bereinigt;Österreich;Insgesamt;Standard, in Einheiten;182,9;AB003C000D000E000F001G000
Jahr;2019;;;;;IMOP Wien, Preise für Eigentumswohnungen gesamt, 2000=100;Index;Weder saisonal noch um Arbeitstage bereinigt;Österreich;Insgesamt;Standard, in Einheiten;247,7;AB003C000D000E000F001G001
Jahr;2019;;;;;IMOP Wien, Preise für neue Eigentumswohnungen, 2000=100;Index;Weder saisonal noch um Arbeitstage bereinigt;Österreich;Insgesamt;Standard, in Einheiten;212,1;AB003C000D000E000F001G002
Jahr;2019;;;;;IMOP Wien, Preise für gebrauchte Eigentumswohnungen, 2000=100;Index;Weder saisonal noch um Arbeitstage bereinigt;Österreich;Insgesamt;Standard, in Einheiten;252,1;AB003C000D000E000F001G003
Jahr;2019;;;;;Österreich -Wohnimmobilienpreisindex 00=100 Hedon.Reggr.Modell VRzVJ%;Prozent;Weder saisonal noch um Arbeitstage bereinigt;Österreich;Insgesamt;Standard, in Einheiten;3,9;AB004C006
Jahr;2019;;;;;Immobilienpreisindex Wien, Veränderung z.Vorjahr in %, Index 2000=100;Prozent;Weder saisonal noch um Arbeitstage bereinigt;Österreich;Insgesamt;Standard, in Einheiten;4,9;AB004C006D000
Jahr;2019;;;;;IMOP Wien, Preise für Einfamilienhäuser, 2000=100 VerVJ%;Index;Weder saisonal noch um Arbeitstage bereinigt;Österreich;Insgesamt;Standard, in Einheiten;3,0;AB004C006D001
Jahr;2019;;;;;IMOP Wien, Preise für Eigentumswohnungen gesamt, 2000=100 VerVJ%;Index;Weder saisonal noch um Arbeitstage bereinigt;Österreich;Insgesamt;Standard, in Einheiten;4,9;AB004C006D002
Jahr;2019;;;;;IMOP Wien, Preise für neue Eigentumswohnungen, 2000=100 VerVJ%;Index;Weder saisonal noch um Arbeitstage bereinigt;Österreich;Insgesamt;Standard, in Einheiten;5,9;AB004C006D003
Jahr;2019;;;;;IMOP Wien, Preise für gebrauchte Eigentumswohnungen, 2000=100 VerVJ%;Index;Weder saisonal noch um Arbeitstage bereinigt;Österreich;Insgesamt;Standard, in Einheiten;3,8;AB004C006D004
Jahr;2019;;;;;Immobilienpreisindex Österreich ohne Wien, Ver. z.Vorj. in %  2000=100;Prozent;Weder saisonal noch um Arbeitstage bereinigt;Österreich;Insgesamt;Standard, in Einheiten;2,6;AB004C006D005
Jahr;2019;;;;;IMOP Österreich (o Wien) Preise f Einfamilienhäuser, 2000=100 VerVJ%;Prozent;Weder saisonal noch um Arbeitstage bereinigt;Österreich;Insgesamt;Standard, in Einheiten;2,0;AB004C006D006
Jahr;2019;;;;;IMOP Österreich (o Wien)Preise Eigentumswohnungen gesamt,00=100 VerVJ%;Index;Weder saisonal noch um Arbeitstage bereinigt;Österreich;Insgesamt;Standard, in Einheiten;2,9;AB004C006D007
Jahr;2019;;;;;IMOP Österreich (o Wien) Preise neue Eigentumswohnungen, 00=100 VerVJ%;Index;Weder saisonal noch um Arbeitstage bereinigt;Österreich;Insgesamt;Standard, in Einheiten;2,3;AB004C006D008
Jahr;2019;;;;;IMOP Österreich (o Wien) Preise gebrauchte Eigentumswohn,00=100 VerVJ%;Index;Weder saisonal noch um Arbeitstage bereinigt;Österreich;Insgesamt;Standard, in Einheiten;3,4;AB004C006D009
Jahr;2020;;;;;Österreich -Wohnimmobilienpreisindex 2000=100 Hedon. Reggr.-Modell;Index;Weder saisonal noch um Arbeitstage bereinigt;Österreich;Insgesamt;Standard, in Einheiten;222,6;AB003C000D000E000
Jahr;2020;;;;;Immobilienpreisindex Österreich (ohne Wien), 2000=100;Index;Weder saisonal noch um Arbeitstage bereinigt;Österreich;Insgesamt;Standard, in Einheiten;209,4;AB003C000D000E000F000
Jahr;2020;;;;;IMOP Österreich (ohne Wien) Preise für Einfamilienhäuser, 2000=100;Index;Weder saisonal noch um Arbeitstage bereinigt;Österreich;Insgesamt;Standard, in Einheiten;186,3;AB003C000D000E000F000G000
Jahr;2020;;;;;IMOP Österreich (o Wien) Preise Eigentumswohnungen gesamt,2000=100;Index;Weder saisonal noch um Arbeitstage bereinigt;Österreich;Insgesamt;Standard, in Einheiten;218,1;AB003C000D000E000F000G001
Jahr;2020;;;;;IMOP Österreich (o Wien) Preise für neue Eigentumswohnungen, 2000=100;Index;Weder saisonal noch um Arbeitstage bereinigt;Österreich;Insgesamt;Standard, in Einheiten;148,8;AB003C000D000E000F000G002
Jahr;2020;;;;;IMOP Österreich (o Wien) Preise gebrauchte Eigentumswohnungen,2000=100;Index;Weder saisonal noch um Arbeitstage bereinigt;Österreich;Insgesamt;Standard, in Einheiten;228,2;AB003C000D000E000F000G003
Jahr;2020;;;;;Immobilienpreisindex Wien, 2000=100;Index;Weder saisonal noch um Arbeitstage bereinigt;Österreich;Insgesamt;Standard, in Einheiten;259,6;AB003C000D000E000F001
Jahr;2020;;;;;IMOP Wien, Preise für Einfamilienhäuser, 2000=100;Index;Weder saisonal noch um Arbeitstage bereinigt;Österreich;Insgesamt;Standard, in Einheiten;207,2;AB003C000D000E000F001G000
Jahr;2020;;;;;IMOP Wien, Preise für Eigentumswohnungen gesamt, 2000=100;Index;Weder saisonal noch um Arbeitstage bereinigt;Österreich;Insgesamt;Standard, in Einheiten;263,2;AB003C000D000E000F001G001
Jahr;2020;;;;;IMOP Wien, Preise für neue Eigentumswohnungen, 2000=100;Index;Weder saisonal noch um Arbeitstage bereinigt;Österreich;Insgesamt;Standard, in Einheiten;226,6;AB003C000D000E000F001G002
Jahr;2020;;;;;IMOP Wien, Preise für gebrauchte Eigentumswohnungen, 2000=100;Index;Weder saisonal noch um Arbeitstage bereinigt;Österreich;Insgesamt;Standard, in Einheiten;266,9;AB003C000D000E000F001G003
Jahr;2020;;;;;Österreich -Wohnimmobilienpreisindex 00=100 Hedon.Reggr.Modell VRzVJ%;Prozent;Weder saisonal noch um Arbeitstage bereinigt;Österreich;Insgesamt;Standard, in Einheiten;7,0;AB004C006
Jahr;2020;;;;;Immobilienpreisindex Wien, Veränderung z.Vorjahr in %, Index 2000=100;Prozent;Weder saisonal noch um Arbeitstage bereinigt;Österreich;Insgesamt;Standard, in Einheiten;6,7;AB004C006D000
Jahr;2020;;;;;IMOP Wien, Preise für Einfamilienhäuser, 2000=100 VerVJ%;Index;Weder saisonal noch um Arbeitstage bereinigt;Österreich;Insgesamt;Standard, in Einheiten;13,3;AB004C006D001
Jahr;2020;;;;;IMOP Wien, Preise für Eigentumswohnungen gesamt, 2000=100 VerVJ%;Index;Weder saisonal noch um Arbeitstage bereinigt;Österreich;Insgesamt;Standard, in Einheiten;6,3;AB004C006D002
Jahr;2020;;;;;IMOP Wien, Preise für neue Eigentumswohnungen, 2000=100 VerVJ%;Index;Weder saisonal noch um Arbeitstage bereinigt;Österreich;Insgesamt;Standard, in Einheiten;6,8;AB004C006D003
Jahr;2020;;;;;IMOP Wien, Preise für gebrauchte Eigentumswohnungen, 2000=100 VerVJ%;Index;Weder saisonal noch um Arbeitstage bereinigt;Österreich;Insgesamt;Standard, in Einheiten;5,9;AB004C006D004
Jahr;2020;;;;;Immobilienpreisindex Österreich ohne Wien, Ver. z.Vorj. in %  2000=100;Prozent;Weder saisonal noch um Arbeitstage bereinigt;Österreich;Insgesamt;Standard, in Einheiten;7,5;AB004C006D005
Jahr;2020;;;;;IMOP Österreich (o Wien) Preise f Einfamilienhäuser, 2000=100 VerVJ%;Prozent;Weder saisonal noch um Arbeitstage bereinigt;Österreich;Insgesamt;Standard, in Einheiten;9,4;AB004C006D006
Jahr;2020;;;;;IMOP Österreich (o Wien)Preise Eigentumswohnungen gesamt,00=100 VerVJ%;Index;Weder saisonal noch um Arbeitstage bereinigt;Österreich;Insgesamt;Standard, in Einheiten;6,4;AB004C006D007
Jahr;2020;;;;;IMOP Österreich (o Wien) Preise neue Eigentumswohnungen, 00=100 VerVJ%;Index;Weder saisonal noch um Arbeitstage bereinigt;Österreich;Insgesamt;Standard, in Einheiten;8,3;AB004C006D008
Jahr;2020;;;;;IMOP Österreich (o Wien) Preise gebrauchte Eigentumswohn,00=100 VerVJ%;Index;Weder saisonal noch um Arbeitstage bereinigt;Österreich;Insgesamt;Standard, in Einheiten;4,9;AB004C006D009
Jahr;2021;;;;;Österreich -Wohnimmobilienpreisindex 2000=100 Hedon. Reggr.-Modell;Index;Weder saisonal noch um Arbeitstage bereinigt;Österreich;Insgesamt;Standard, in Einheiten;248,8;AB003C000D000E000
Jahr;2021;;;;;Immobilienpreisindex Österreich (ohne Wien), 2000=100;Index;Weder saisonal noch um Arbeitstage bereinigt;Österreich;Insgesamt;Standard, in Einheiten;236,2;AB003C000D000E000F000
Jahr;2021;;;;;IMOP Österreich (ohne Wien) Preise für Einfamilienhäuser, 2000=100;Index;Weder saisonal noch um Arbeitstage bereinigt;Österreich;Insgesamt;Standard, in Einheiten;209,6;AB003C000D000E000F000G000
Jahr;2021;;;;;IMOP Österreich (o Wien) Preise Eigentumswohnungen gesamt,2000=100;Index;Weder saisonal noch um Arbeitstage bereinigt;Österreich;Insgesamt;Standard, in Einheiten;246,4;AB003C000D000E000F000G001
Jahr;2021;;;;;IMOP Österreich (o Wien) Preise für neue Eigentumswohnungen, 2000=100;Index;Weder saisonal noch um Arbeitstage bereinigt;Österreich;Insgesamt;Standard, in Einheiten;167,2;AB003C000D000E000F000G002
Jahr;2021;;;;;IMOP Österreich (o Wien) Preise gebrauchte Eigentumswohnungen,2000=100;Index;Weder saisonal noch um Arbeitstage bereinigt;Österreich;Insgesamt;Standard, in Einheiten;258,7;AB003C000D000E000F000G003
Jahr;2021;;;;;Immobilienpreisindex Wien, 2000=100;Index;Weder saisonal noch um Arbeitstage bereinigt;Österreich;Insgesamt;Standard, in Einheiten;287,6;AB003C000D000E000F001
Jahr;2021;;;;;IMOP Wien, Preise für Einfamilienhäuser, 2000=100;Index;Weder saisonal noch um Arbeitstage bereinigt;Österreich;Insgesamt;Standard, in Einheiten;225,6;AB003C000D000E000F001G000
Jahr;2021;;;;;IMOP Wien, Preise für Eigentumswohnungen gesamt, 2000=100;Index;Weder saisonal noch um Arbeitstage bereinigt;Österreich;Insgesamt;Standard, in Einheiten;292,1;AB003C000D000E000F001G001
Jahr;2021;;;;;IMOP Wien, Preise für neue Eigentumswohnungen, 2000=100;Index;Weder saisonal noch um Arbeitstage bereinigt;Österreich;Insgesamt;Standard, in Einheiten;249,8;AB003C000D000E000F001G002
Jahr;2021;;;;;IMOP Wien, Preise für gebrauchte Eigentumswohnungen, 2000=100;Index;Weder saisonal noch um Arbeitstage bereinigt;Österreich;Insgesamt;Standard, in Einheiten;297,5;AB003C000D000E000F001G003
Jahr;2021;;;;;Österreich -Wohnimmobilienpreisindex 00=100 Hedon.Reggr.Modell VRzVJ%;Prozent;Weder saisonal noch um Arbeitstage bereinigt;Österreich;Insgesamt;Standard, in Einheiten;11,8;AB004C006
Jahr;2021;;;;;Immobilienpreisindex Wien, Veränderung z.Vorjahr in %, Index 2000=100;Prozent;Weder saisonal noch um Arbeitstage bereinigt;Österreich;Insgesamt;Standard, in Einheiten;10,8;AB004C006D000
Jahr;2021;;;;;IMOP Wien, Preise für Einfamilienhäuser, 2000=100 VerVJ%;Index;Weder saisonal noch um Arbeitstage bereinigt;Österreich;Insgesamt;Standard, in Einheiten;8,9;AB004C006D001
Jahr;2021;;;;;IMOP Wien, Preise für Eigentumswohnungen gesamt, 2000=100 VerVJ%;Index;Weder saisonal noch um Arbeitstage bereinigt;Österreich;Insgesamt;Standard, in Einheiten;11,0;AB004C006D002
Jahr;2021;;;;;IMOP Wien, Preise für neue Eigentumswohnungen, 2000=100 VerVJ%;Index;Weder saisonal noch um Arbeitstage bereinigt;Österreich;Insgesamt;Standard, in Einheiten;10,2;AB004C006D003
Jahr;2021;;;;;IMOP Wien, Preise für gebrauchte Eigentumswohnungen, 2000=100 VerVJ%;Index;Weder saisonal noch um Arbeitstage bereinigt;Österreich;Insgesamt;Standard, in Einheiten;11,5;AB004C006D004
Jahr;2021;;;;;Immobilienpreisindex Österreich ohne Wien, Ver. z.Vorj. in %  2000=100;Prozent;Weder saisonal noch um Arbeitstage bereinigt;Österreich;Insgesamt;Standard, in Einheiten;12,8;AB004C006D005
Jahr;2021;;;;;IMOP Österreich (o Wien) Preise f Einfamilienhäuser, 2000=100 VerVJ%;Prozent;Weder saisonal noch um Arbeitstage bereinigt;Österreich;Insgesamt;Standard, in Einheiten;12,5;AB004C006D006
Jahr;2021;;;;;IMOP Österreich (o Wien)Preise Eigentumswohnungen gesamt,00=100 VerVJ%;Index;Weder saisonal noch um Arbeitstage bereinigt;Österreich;Insgesamt;Standard, in Einheiten;13,0;AB004C006D007
Jahr;2021;;;;;IMOP Österreich (o Wien) Preise neue Eigentumswohnungen, 00=100 VerVJ%;Index;Weder saisonal noch um Arbeitstage bereinigt;Österreich;Insgesamt;Standard, in Einheiten;12,4;AB004C006D008
Jahr;2021;;;;;IMOP Österreich (o Wien) Preise gebrauchte Eigentumswohn,00=100 VerVJ%;Index;Weder saisonal noch um Arbeitstage bereinigt;Österreich;Insgesamt;Standard, in Einheiten;13,4;AB004C006D009
Jahr;2022;;;;;Österreich -Wohnimmobilienpreisindex 2000=100 Hedon. Reggr.-Modell;Index;Weder saisonal noch um Arbeitstage bereinigt;Österreich;Insgesamt;Standard, in Einheiten;274,4;AB003C000D000E000
Jahr;2022;;;;;Immobilienpreisindex Österreich (ohne Wien), 2000=100;Index;Weder saisonal noch um Arbeitstage bereinigt;Österreich;Insgesamt;Standard, in Einheiten;261,9;AB003C000D000E000F000
Jahr;2022;;;;;IMOP Österreich (ohne Wien) Preise für Einfamilienhäuser, 2000=100;Index;Weder saisonal noch um Arbeitstage bereinigt;Österreich;Insgesamt;Standard, in Einheiten;234,0;AB003C000D000E000F000G000
Jahr;2022;;;;;IMOP Österreich (o Wien) Preise Eigentumswohnungen gesamt,2000=100;Index;Weder saisonal noch um Arbeitstage bereinigt;Österreich;Insgesamt;Standard, in Einheiten;272,1;AB003C000D000E000F000G001
Jahr;2022;;;;;IMOP Österreich (o Wien) Preise für neue Eigentumswohnungen, 2000=100;Index;Weder saisonal noch um Arbeitstage bereinigt;Österreich;Insgesamt;Standard, in Einheiten;186,2;AB003C000D000E000F000G002
Jahr;2022;;;;;IMOP Österreich (o Wien) Preise gebrauchte Eigentumswohnungen,2000=100;Index;Weder saisonal noch um Arbeitstage bereinigt;Österreich;Insgesamt;Standard, in Einheiten;284,8;AB003C000D000E000F000G003
Jahr;2022;;;;;Immobilienpreisindex Wien, 2000=100;Index;Weder saisonal noch um Arbeitstage bereinigt;Österreich;Insgesamt;Standard, in Einheiten;315,6;AB003C000D000E000F001
Jahr;2022;;;;;IMOP Wien, Preise für Einfamilienhäuser, 2000=100;Index;Weder saisonal noch um Arbeitstage bereinigt;Österreich;Insgesamt;Standard, in Einheiten;250,4;AB003C000D000E000F001G000
Jahr;2022;;;;;IMOP Wien, Preise für Eigentumswohnungen gesamt, 2000=100;Index;Weder saisonal noch um Arbeitstage bereinigt;Österreich;Insgesamt;Standard, in Einheiten;320,3;AB003C000D000E000F001G001
Jahr;2022;;;;;IMOP Wien, Preise für neue Eigentumswohnungen, 2000=100;Index;Weder saisonal noch um Arbeitstage bereinigt;Österreich;Insgesamt;Standard, in Einheiten;278,7;AB003C000D000E000F001G002
Jahr;2022;;;;;IMOP Wien, Preise für gebrauchte Eigentumswohnungen, 2000=100;Index;Weder saisonal noch um Arbeitstage bereinigt;Österreich;Insgesamt;Standard, in Einheiten;322,8;AB003C000D000E000F001G003
Jahr;2022;;;;;Österreich -Wohnimmobilienpreisindex 00=100 Hedon.Reggr.Modell VRzVJ%;Prozent;Weder saisonal noch um Arbeitstage bereinigt;Österreich;Insgesamt;Standard, in Einheiten;10,3;AB004C006
Jahr;2022;;;;;Immobilienpreisindex Wien, Veränderung z.Vorjahr in %, Index 2000=100;Prozent;Weder saisonal noch um Arbeitstage bereinigt;Österreich;Insgesamt;Standard, in Einheiten;9,7;AB004C006D000
Jahr;2022;;;;;IMOP Wien, Preise für Einfamilienhäuser, 2000=100 VerVJ%;Index;Weder saisonal noch um Arbeitstage bereinigt;Österreich;Insgesamt;Standard, in Einheiten;11,0;AB004C006D001
Jahr;2022;;;;;IMOP Wien, Preise für Eigentumswohnungen gesamt, 2000=100 VerVJ%;Index;Weder saisonal noch um Arbeitstage bereinigt;Österreich;Insgesamt;Standard, in Einheiten;9,7;AB004C006D002
Jahr;2022;;;;;IMOP Wien, Preise für neue Eigentumswohnungen, 2000=100 VerVJ%;Index;Weder saisonal noch um Arbeitstage bereinigt;Österreich;Insgesamt;Standard, in Einheiten;11,6;AB004C006D003
Jahr;2022;;;;;IMOP Wien, Preise für gebrauchte Eigentumswohnungen, 2000=100 VerVJ%;Index;Weder saisonal noch um Arbeitstage bereinigt;Österreich;Insgesamt;Standard, in Einheiten;8,5;AB004C006D004
Jahr;2022;;;;;Immobilienpreisindex Österreich ohne Wien, Ver. z.Vorj. in %  2000=100;Prozent;Weder saisonal noch um Arbeitstage bereinigt;Österreich;Insgesamt;Standard, in Einheiten;10,8;AB004C006D005
Jahr;2022;;;;;IMOP Österreich (o Wien) Preise f Einfamilienhäuser, 2000=100 VerVJ%;Prozent;Weder saisonal noch um Arbeitstage bereinigt;Österreich;Insgesamt;Standard, in Einheiten;11,6;AB004C006D006
Jahr;2022;;;;;IMOP Österreich (o Wien)Preise Eigentumswohnungen gesamt,00=100 VerVJ%;Index;Weder saisonal noch um Arbeitstage bereinigt;Österreich;Insgesamt;Standard, in Einheiten;10,4;AB004C006D007
Jahr;2022;;;;;IMOP Österreich (o Wien) Preise neue Eigentumswohnungen, 00=100 VerVJ%;Index;Weder saisonal noch um Arbeitstage bereinigt;Österreich;Insgesamt;Standard, in Einheiten;11,3;AB004C006D008
Jahr;2022;;;;;IMOP Österreich (o Wien) Preise gebrauchte Eigentumswohn,00=100 VerVJ%;Index;Weder saisonal noch um Arbeitstage bereinigt;Österreich;Insgesamt;Standard, in Einheiten;10,1;AB004C006D009
Jahr;2023;;;;;Österreich -Wohnimmobilienpreisindex 2000=100 Hedon. Reggr.-Modell;Index;Weder saisonal noch um Arbeitstage bereinigt;Österreich;Insgesamt;Standard, in Einheiten;269,9;AB003C000D000E000
Jahr;2023;;;;;Immobilienpreisindex Österreich (ohne Wien), 2000=100;Index;Weder saisonal noch um Arbeitstage bereinigt;Österreich;Insgesamt;Standard, in Einheiten;259,0;AB003C000D000E000F000
Jahr;2023;;;;;IMOP Österreich (ohne Wien) Preise für Einfamilienhäuser, 2000=100;Index;Weder saisonal noch um Arbeitstage bereinigt;Österreich;Insgesamt;Standard, in Einheiten;228,8;AB003C000D000E000F000G000
Jahr;2023;;;;;IMOP Österreich (o Wien) Preise Eigentumswohnungen gesamt,2000=100;Index;Weder saisonal noch um Arbeitstage bereinigt;Österreich;Insgesamt;Standard, in Einheiten;271,0;AB003C000D000E000F000G001
Jahr;2023;;;;;IMOP Österreich (o Wien) Preise für neue Eigentumswohnungen, 2000=100;Index;Weder saisonal noch um Arbeitstage bereinigt;Österreich;Insgesamt;Standard, in Einheiten;193,9;AB003C000D000E000F000G002
Jahr;2023;;;;;IMOP Österreich (o Wien) Preise gebrauchte Eigentumswohnungen,2000=100;Index;Weder saisonal noch um Arbeitstage bereinigt;Österreich;Insgesamt;Standard, in Einheiten;278,1;AB003C000D000E000F000G003
Jahr;2023;;;;;Immobilienpreisindex Wien, 2000=100;Index;Weder saisonal noch um Arbeitstage bereinigt;Österreich;Insgesamt;Standard, in Einheiten;308,2;AB003C000D000E000F001
Jahr;2023;;;;;IMOP Wien, Preise für Einfamilienhäuser, 2000=100;Index;Weder saisonal noch um Arbeitstage bereinigt;Österreich;Insgesamt;Standard, in Einheiten;242,6;AB003C000D000E000F001G000
Jahr;2023;;;;;IMOP Wien, Preise für Eigentumswohnungen gesamt, 2000=100;Index;Weder saisonal noch um Arbeitstage bereinigt;Österreich;Insgesamt;Standard, in Einheiten;313,1;AB003C000D000E000F001G001
Jahr;2023;;;;;IMOP Wien, Preise für neue Eigentumswohnungen, 2000=100;Index;Weder saisonal noch um Arbeitstage bereinigt;Österreich;Insgesamt;Standard, in Einheiten;285,8;AB003C000D000E000F001G002
Jahr;2023;;;;;IMOP Wien, Preise für gebrauchte Eigentumswohnungen, 2000=100;Index;Weder saisonal noch um Arbeitstage bereinigt;Österreich;Insgesamt;Standard, in Einheiten;307,3;AB003C000D000E000F001G003
Jahr;2023;;;;;Österreich -Wohnimmobilienpreisindex 00=100 Hedon.Reggr.Modell VRzVJ%;Prozent;Weder saisonal noch um Arbeitstage bereinigt;Österreich;Insgesamt;Standard, in Einheiten;-1,6;AB004C006
Jahr;2023;;;;;Immobilienpreisindex Wien, Veränderung z.Vorjahr in %, Index 2000=100;Prozent;Weder saisonal noch um Arbeitstage bereinigt;Österreich;Insgesamt;Standard, in Einheiten;-2,3;AB004C006D000
Jahr;2023;;;;;IMOP Wien, Preise für Einfamilienhäuser, 2000=100 VerVJ%;Index;Weder saisonal noch um Arbeitstage bereinigt;Österreich;Insgesamt;Standard, in Einheiten;-3,1;AB004C006D001
Jahr;2023;;;;;IMOP Wien, Preise für Eigentumswohnungen gesamt, 2000=100 VerVJ%;Index;Weder saisonal noch um Arbeitstage bereinigt;Österreich;Insgesamt;Standard, in Einheiten;-2,3;AB004C006D002
Jahr;2023;;;;;IMOP Wien, Preise für neue Eigentumswohnungen, 2000=100 VerVJ%;Index;Weder saisonal noch um Arbeitstage bereinigt;Österreich;Insgesamt;Standard, in Einheiten;2,5;AB004C006D003
Jahr;2023;;;;;IMOP Wien, Preise für gebrauchte Eigentumswohnungen, 2000=100 VerVJ%;Index;Weder saisonal noch um Arbeitstage bereinigt;Österreich;Insgesamt;Standard, in Einheiten;-4,8;AB004C006D004
Jahr;2023;;;;;Immobilienpreisindex Österreich ohne Wien, Ver. z.Vorj. in %  2000=100;Prozent;Weder saisonal noch um Arbeitstage bereinigt;Österreich;Insgesamt;Standard, in Einheiten;-1,1;AB004C006D005
Jahr;2023;;;;;IMOP Österreich (o Wien) Preise f Einfamilienhäuser, 2000=100 VerVJ%;Prozent;Weder saisonal noch um Arbeitstage bereinigt;Österreich;Insgesamt;Standard, in Einheiten;-2,2;AB004C006D006
Jahr;2023;;;;;IMOP Österreich (o Wien)Preise Eigentumswohnungen gesamt,00=100 VerVJ%;Index;Weder saisonal noch um Arbeitstage bereinigt;Österreich;Insgesamt;Standard, in Einheiten;-0,4;AB004C006D007
Jahr;2023;;;;;IMOP Österreich (o Wien) Preise neue Eigentumswohnungen, 00=100 VerVJ%;Index;Weder saisonal noch um Arbeitstage bereinigt;Österreich;Insgesamt;Standard, in Einheiten;4,1;AB004C006D008
Jahr;2023;;;;;IMOP Österreich (o Wien) Preise gebrauchte Eigentumswohn,00=100 VerVJ%;Index;Weder saisonal noch um Arbeitstage bereinigt;Österreich;Insgesamt;Standard, in Einheiten;-2,3;AB004C006D009
Jahr;2024;;;;;Österreich -Wohnimmobilienpreisindex 2000=100 Hedon. Reggr.-Modell;Index;Weder saisonal noch um Arbeitstage bereinigt;Österreich;Insgesamt;Standard, in Einheiten;264,3;AB003C000D000E000
Jahr;2024;;;;;Immobilienpreisindex Österreich (ohne Wien), 2000=100;Index;Weder saisonal noch um Arbeitstage bereinigt;Österreich;Insgesamt;Standard, in Einheiten;256,1;AB003C000D000E000F000
Jahr;2024;;;;;IMOP Österreich (ohne Wien) Preise für Einfamilienhäuser, 2000=100;Index;Weder saisonal noch um Arbeitstage bereinigt;Österreich;Insgesamt;Standard, in Einheiten;226,9;AB003C000D000E000F000G000
Jahr;2024;;;;;IMOP Österreich (o Wien) Preise Eigentumswohnungen gesamt,2000=100;Index;Weder saisonal noch um Arbeitstage bereinigt;Österreich;Insgesamt;Standard, in Einheiten;267,5;AB003C000D000E000F000G001
Jahr;2024;;;;;IMOP Österreich (o Wien) Preise für neue Eigentumswohnungen, 2000=100;Index;Weder saisonal noch um Arbeitstage bereinigt;Österreich;Insgesamt;Standard, in Einheiten;197,1;AB003C000D000E000F000G002
Jahr;2024;;;;;IMOP Österreich (o Wien) Preise gebrauchte Eigentumswohnungen,2000=100;Index;Weder saisonal noch um Arbeitstage bereinigt;Österreich;Insgesamt;Standard, in Einheiten;271,2;AB003C000D000E000F000G003
Jahr;2024;;;;;Immobilienpreisindex Wien, 2000=100;Index;Weder saisonal noch um Arbeitstage bereinigt;Österreich;Insgesamt;Standard, in Einheiten;297,6;AB003C000D000E000F001
Jahr;2024;;;;;IMOP Wien, Preise für Einfamilienhäuser, 2000=100;Index;Weder saisonal noch um Arbeitstage bereinigt;Österreich;Insgesamt;Standard, in Einheiten;235,4;AB003C000D000E000F001G000
Jahr;2024;;;;;IMOP Wien, Preise für Eigentumswohnungen gesamt, 2000=100;Index;Weder saisonal noch um Arbeitstage bereinigt;Österreich;Insgesamt;Standard, in Einheiten;302,1;AB003C000D000E000F001G001
Jahr;2024;;;;;IMOP Wien, Preise für neue Eigentumswohnungen, 2000=100;Index;Weder saisonal noch um Arbeitstage bereinigt;Österreich;Insgesamt;Standard, in Einheiten;281,0;AB003C000D000E000F001G002
Jahr;2024;;;;;IMOP Wien, Preise für gebrauchte Eigentumswohnungen, 2000=100;Index;Weder saisonal noch um Arbeitstage bereinigt;Österreich;Insgesamt;Standard, in Einheiten;294,1;AB003C000D000E000F001G003
Jahr;2024;;;;;Österreich -Wohnimmobilienpreisindex 00=100 Hedon.Reggr.Modell VRzVJ%;Prozent;Weder saisonal noch um Arbeitstage bereinigt;Österreich;Insgesamt;Standard, in Einheiten;-2,1;AB004C006
Jahr;2024;;;;;Immobilienpreisindex Wien, Veränderung z.Vorjahr in %, Index 2000=100;Prozent;Weder saisonal noch um Arbeitstage bereinigt;Österreich;Insgesamt;Standard, in Einheiten;-3,4;AB004C006D000
Jahr;2024;;;;;IMOP Wien, Preise für Einfamilienhäuser, 2000=100 VerVJ%;Index;Weder saisonal noch um Arbeitstage bereinigt;Österreich;Insgesamt;Standard, in Einheiten;-3,0;AB004C006D001
Jahr;2024;;;;;IMOP Wien, Preise für Eigentumswohnungen gesamt, 2000=100 VerVJ%;Index;Weder saisonal noch um Arbeitstage bereinigt;Österreich;Insgesamt;Standard, in Einheiten;-3,5;AB004C006D002
Jahr;2024;;;;;IMOP Wien, Preise für neue Eigentumswohnungen, 2000=100 VerVJ%;Index;Weder saisonal noch um Arbeitstage bereinigt;Österreich;Insgesamt;Standard, in Einheiten;-1,7;AB004C006D003
Jahr;2024;;;;;IMOP Wien, Preise für gebrauchte Eigentumswohnungen, 2000=100 VerVJ%;Index;Weder saisonal noch um Arbeitstage bereinigt;Österreich;Insgesamt;Standard, in Einheiten;-4,3;AB004C006D004
Jahr;2024;;;;;Immobilienpreisindex Österreich ohne Wien, Ver. z.Vorj. in %  2000=100;Prozent;Weder saisonal noch um Arbeitstage bereinigt;Österreich;Insgesamt;Standard, in Einheiten;-1,1;AB004C006D005
Jahr;2024;;;;;IMOP Österreich (o Wien) Preise f Einfamilienhäuser, 2000=100 VerVJ%;Prozent;Weder saisonal noch um Arbeitstage bereinigt;Österreich;Insgesamt;Standard, in Einheiten;-0,8;AB004C006D006
Jahr;2024;;;;;IMOP Österreich (o Wien)Preise Eigentumswohnungen gesamt,00=100 VerVJ%;Index;Weder saisonal noch um Arbeitstage bereinigt;Österreich;Insgesamt;Standard, in Einheiten;-1,3;AB004C006D007
Jahr;2024;;;;;IMOP Österreich (o Wien) Preise neue Eigentumswohnungen, 00=100 VerVJ%;Index;Weder saisonal noch um Arbeitstage bereinigt;Österreich;Insgesamt;Standard, in Einheiten;1,7;AB004C006D008
Jahr;2024;;;;;IMOP Österreich (o Wien) Preise gebrauchte Eigentumswohn,00=100 VerVJ%;Index;Weder saisonal noch um Arbeitstage bereinigt;Österreich;Insgesamt;Standard, in Einheiten;-2,5;AB004C006D009
